sno,complaint,complaint_type,recieved_date,incident_date,county,incident_status_desc,incident_zip,incident_closed_date
1,272943,"['Air', 'Odor']",2024-07-30,2024-07-30,Montgomery,Referred to Outside Agency,20910,2024-07-30
2,272937,"['Air', 'Other']",2024-07-26,2024-07-15,Carroll,Referred to WMA,21158,2024-07-15
3,272935,['Air'],2024-07-26,2024-07-11,Montgomery,Referred to Outside Agency,20850,2024-07-11
4,272935,['Air'],2024-07-26,2024-07-11,Montgomery,Referred to Outside Agency,20850,2024-07-11
5,272933,['Other'],2024-07-26,2024-07-24,Prince George's,Incident Closed-Managed,,2024-07-24
6,272916,['Open Burning'],2024-07-12,2024-07-12,Allegany,Referred to Outside Agency,21545,2024-07-12
7,272915,['Asbestos Complaint'],2024-07-11,2024-07-11,Allegany,Referred to ARA,21540-109,2024-07-11
8,272913,['Odor'],2024-07-11,2024-07-11,St. Mary's,Incident Closed-Managed,,2024-07-11
9,272901,"['Air', 'Fugitive Dust/Particulate Matter']",2024-07-10,2024-07-10,Cecil,Incident Closed-Managed,21918,2024-07-10
10,272897,['Air'],2024-07-16,2024-07-16,Anne Arundel,Incident Closed - No further action,21037,2024-07-16
11,272880,['Air'],2024-07-15,2024-06-19,Washington,Incident Closed - No further action,,2024-06-19
12,262877,['Air'],2024-07-11,2024-07-11,St. Mary's,Incident Closed-Managed,,2024-07-11
13,252880,"['Air', 'Other']",2024-07-09,2024-07-09,Montgomery,Referred to Outside Agency,20910-484,2024-07-09
14,252879,"['Air', 'Odor']",2024-07-09,2024-07-09,Carroll,Referred to Outside Agency,21158,2024-07-09
15,252877,['Air'],2024-07-09,2024-07-09,Anne Arundel,Incident Closed-No Violation Observed,20764,2024-07-09
16,252874,['Odor'],2024-07-09,2024-07-09,Baltimore City,Incident Closed-Managed,,2024-07-09
17,252873,['Odor'],2024-07-02,2024-07-02,Baltimore City,Incident Closed-Managed,,2024-07-02
18,252872,['Odor'],2024-06-28,2024-06-28,Baltimore City,Incident Closed-Managed,,2024-06-28
19,252871,['Air'],2024-06-25,2024-06-25,Baltimore,Incident Closed-Managed,,2024-06-25
20,252870,['Odor'],2024-06-18,2024-06-18,Baltimore,Incident Closed-Managed,,2024-06-18
21,252869,['Odor'],2024-06-16,2024-06-16,Baltimore City,Incident Closed-Managed,,2024-06-16
22,252868,['ARA AQCP non-regulated entity'],2024-06-14,2024-06-14,Baltimore,Incident Closed - No further action,,2024-06-14
23,252867,['Fugitive Dust/Particulate Matter'],2024-06-13,2024-06-13,Baltimore City,Incident Closed-Managed,,2024-06-13
24,252866,['Odor'],2024-06-05,2024-06-05,Baltimore City,Incident Closed-Managed,,2024-06-05
25,252864,['Fugitive Dust/Particulate Matter'],2024-07-08,2024-07-08,Allegany,Under Investigation,21540-109,2024-07-08
26,252862,['Abandoned Drums/Tanks'],2024-07-08,2024-07-08,Allegany,Referred to LMA,21501,2024-07-08
27,252861,['Air'],2024-07-02,2024-07-02,Anne Arundel,Incident Closed-No Violation Observed,21060,2024-07-02
28,252847,['Other'],2024-07-03,2024-07-03,Prince George's,Incident Closed-Managed,,2024-07-03
29,252846,['Other'],2024-07-02,2024-07-02,Prince George's,Incident Closed-Managed,20785,2024-07-02
30,252844,['Fugitive Dust/Particulate Matter'],2024-07-01,2024-06-29,Allegany,Under Investigation,21540-109,2024-06-29
31,252842,"['Noise Complaint', 'Other']",2024-06-27,2024-06-27,Washington,Referred to Outside Agency,21783,2024-06-27
32,252839,['Odor'],2024-06-04,2024-06-04,Baltimore City,Incident Closed-Managed,,2024-06-04
33,252838,['Odor'],2024-06-01,2024-06-01,Baltimore City,Incident Closed-Managed,,2024-06-01
34,252837,['Odor'],2024-05-26,2024-05-26,Baltimore City,Incident Closed-Managed,,2024-05-26
35,252836,['Fugitive Dust/Particulate Matter'],2024-05-23,2024-05-23,Baltimore,Incident Closed-Managed,,2024-05-23
36,252835,['Odor'],2024-05-22,2024-05-22,Baltimore,Incident Closed-Managed,,2024-05-22
37,252834,['Odor'],2024-05-17,2024-05-17,Baltimore City,Incident Closed-Managed,,2024-05-17
38,252833,['Odor'],2024-05-16,2024-05-16,Baltimore City,Incident Closed-Managed,,2024-05-16
39,252823,['Air'],2024-06-28,2024-06-28,Anne Arundel,Incident Closed-No Violation Observed,21060,2024-06-28
40,252815,['Air'],2024-06-26,2024-06-25,Frederick,Referred to Outside Agency,21788,2024-06-25
41,252814,['Air'],2024-06-19,2024-06-19,Anne Arundel,Incident Closed-No Violation Observed,,2024-06-19
42,252810,['Fugitive Dust/Particulate Matter'],2024-06-25,2024-06-24,Talbot,Incident Closed-Managed,,2024-06-24
43,252806,"['Groundwater Contamination', 'Oil Release/Spill (Surface)', 'Open Burning', 'Other']",2024-06-14,2024-06-14,Allegany,Referred to Outside Agency,21502,2024-06-14
44,252804,['Air'],2024-06-20,2024-06-20,Carroll,Incident Closed - No further action,21771,2024-06-20
45,252802,['Other'],2024-06-20,2024-06-20,Prince George's,Incident Closed-Managed,20737,2024-06-20
46,252801,['Other'],2024-06-18,2024-06-18,Prince George's,Incident Closed-Managed,20781,2024-06-18
47,252800,['Other'],2024-06-14,2024-06-14,Prince George's,Incident Closed-Managed,,2024-06-14
48,252799,['Air'],2024-06-20,,Harford,Incident Closed-No Violation Observed,,
49,252793,['Fugitive Dust/Particulate Matter'],2024-06-18,,Harford,Incident Closed-Managed,,
50,252786,['Odor'],2024-06-17,2024-06-12,Prince George's,Under Investigation,,2024-06-12
51,252772,['Noise Complaint'],2024-05-16,2024-05-16,Washington,Referred to Outside Agency,21783,2024-05-16
52,252770,['Air'],2024-06-10,2024-06-10,Anne Arundel,Incident Closed-No Violation Observed,21060,2024-06-10
53,252769,['Air'],2024-06-10,2024-06-10,Anne Arundel,Incident Closed-No Violation Observed,21060,2024-06-10
54,252768,['Air'],2024-06-10,2024-06-10,Anne Arundel,Incident Closed-No Violation Observed,21060,2024-06-10
55,252767,['Air'],2024-06-10,2024-06-10,Anne Arundel,Incident Closed-No Violation Observed,21060,2024-06-10
56,252761,['Other'],2024-06-12,2024-06-12,Prince George's,Incident Closed-Managed,,2024-06-12
57,252760,['Other'],2024-06-11,2024-06-11,Howard,Incident Closed-Managed,,2024-06-11
58,252759,['Air'],2024-06-11,2024-06-11,Frederick,Referred to Attorney General's Office,21757,2024-06-11
59,252758,"['Odor', 'Smoke']",2024-06-12,2024-05-26,Worcester,Referred to Outside Agency,21863,2024-05-26
60,252757,"['Odor', 'Open Burning', 'Smoke']",2024-06-12,2024-05-29,Worcester,Referred to Outside Agency,21863,2024-05-29
61,252756,"['Odor', 'Smoke']",2024-06-12,2024-05-28,Worcester,Referred to Outside Agency,21863,2024-05-28
62,252752,['Air'],2024-06-11,2024-06-10,Frederick,Referred to Attorney General's Office,21757,2024-06-10
63,252720,['Fugitive Dust/Particulate Matter'],2024-06-04,2024-06-04,Kent,Incident Closed-No Violation Observed,21620,2024-06-04
64,252718,"['Odor', 'Smoke']",2024-06-03,2024-05-20,Worcester,Under Investigation,21863,2024-05-20
65,252717,"['Fugitive Dust/Particulate Matter', 'Odor']",2024-06-03,2024-05-16,Worcester,Under Investigation,21863,2024-05-16
66,252716,['Fumes'],2024-06-03,2024-05-21,Worcester,Under Investigation,21863,2024-05-21
67,252712,['Air'],2024-05-31,2024-05-31,Frederick,Incident Closed-No Violation Observed,21788,2024-05-31
68,252711,['Air'],2024-05-23,2024-05-23,Frederick,Referred to Attorney General's Office,21757,2024-05-23
69,252711,['Air'],2024-05-23,2024-05-23,Frederick,Referred to Attorney General's Office,21757,2024-05-23
70,252710,['Air'],2024-05-22,2024-05-22,Frederick,Referred to Attorney General's Office,21757,2024-05-22
71,252710,['Air'],2024-05-22,2024-05-22,Frederick,Referred to Attorney General's Office,21757,2024-05-22
72,252697,['Other'],2024-05-28,2024-05-29,Prince George's,Incident Closed-Managed,,2024-05-29
73,252696,['Odor'],2024-05-28,2024-05-26,Worcester,Referred to Outside Agency,21863,2024-05-26
74,252695,['Odor'],2024-05-20,2024-05-20,Dorchester,Incident Closed - No further action,21835,2024-05-20
75,252691,"['Air', 'Odor']",2024-05-21,2024-05-21,Carroll,Referred to Outside Agency,21784,2024-05-21
76,242688,['Odor'],2024-05-20,2024-05-17,Worcester,Incident Closed-No Violation Observed,21811,2024-05-17
77,242682,['Other'],2024-05-20,2024-05-20,Prince George's,Incident Closed-Managed,,2024-05-20
78,242681,['Other'],2024-05-15,2024-05-15,Prince George's,Incident Closed-Managed,,2024-05-15
79,242675,['Odor'],2024-04-23,2024-04-22,Prince George's,Under Investigation,20743,2024-04-22
80,242674,['Smoke'],2024-05-21,2024-04-19,Prince George's,Under Investigation,20743,2024-04-19
81,242664,['Other'],2024-05-14,2024-05-14,Prince George's,Incident Closed-Managed,,2024-05-14
82,242663,['Odor'],2024-05-16,2024-05-16,Worcester,Referred to Outside Agency,21863,2024-05-16
83,242661,['Air'],2024-05-15,2024-05-15,Anne Arundel,Incident Closed - No further action,20724,2024-05-15
84,242656,['Odor'],2024-05-10,2024-05-10,Baltimore City,Incident Closed-Managed,,2024-05-10
85,242655,['Odor'],2024-05-06,2024-05-06,Baltimore City,Incident Closed-Managed,,2024-05-06
86,242654,['Fugitive Dust/Particulate Matter'],2024-05-01,2024-05-01,Baltimore City,Incident Closed-Managed,,2024-05-01
87,242653,['Fugitive Dust/Particulate Matter'],2024-04-30,2024-04-30,Baltimore City,Incident Closed-Managed,,2024-04-30
88,242652,['Odor'],2024-04-26,2024-04-26,Baltimore City,Incident Closed-Managed,,2024-04-26
89,242651,['Odor'],2024-04-24,2024-04-24,Baltimore City,Incident Closed-Managed,,2024-04-24
90,242650,['Fugitive Dust/Particulate Matter'],2024-04-22,2024-04-22,Baltimore City,Incident Closed-Managed,,2024-04-22
91,242648,['Odor'],2024-04-09,2024-04-09,Baltimore City,Incident Closed-Managed,,2024-04-09
92,242647,['Odor'],2024-04-14,2024-04-14,Baltimore City,Incident Closed-Managed,,2024-04-14
93,242640,"['Air', 'Odor']",2024-05-07,2024-05-07,Talbot,Incident Closed-Managed,21673,2024-05-07
94,242639,['Asbestos Complaint'],2024-05-10,2024-05-10,Allegany,Referred to ARA,21502,2024-05-10
95,242638,['Water Pollutant Release'],2024-05-08,2024-05-08,Washington,Referred to WMA,,2024-05-08
96,242635,['Fugitive Dust/Particulate Matter'],2024-04-11,2024-04-11,Baltimore City,Incident Closed-Managed,,2024-04-11
97,242634,['Odor'],2024-04-11,2024-04-11,Baltimore City,Incident Closed-Managed,,2024-04-11
98,242633,['Fugitive Dust/Particulate Matter'],2024-05-07,2024-05-07,Talbot,Incident Closed-No Violation Observed,,2024-05-07
99,242633,['Fugitive Dust/Particulate Matter'],2024-05-07,2024-05-07,Talbot,Incident Closed-No Violation Observed,21673,2024-05-07
100,242629,['Air'],2024-05-07,2024-05-07,Anne Arundel,Incident Closed-No Violation Observed,,2024-05-07
101,242626,['Odor'],2024-05-07,2024-05-07,Montgomery,Referred to WMA,20874,2024-05-07
102,242622,['Odor'],2024-04-10,2024-04-10,Baltimore City,Incident Closed-Managed,,2024-04-10
103,242621,['Odor'],2024-04-08,2024-04-08,Baltimore City,Incident Closed-Managed,,2024-04-08
104,242620,['Smoke'],2024-04-04,2024-04-04,Baltimore City,Incident Closed-Managed,,2024-04-04
105,242602,"['Air', 'Odor', 'Open Burning']",2024-05-01,2024-05-01,Cecil,Referred to Outside Agency,21901,2024-05-01
106,242600,"['Air', 'Odor']",2024-05-03,2024-05-03,Cecil,Referred to LMA,21911,2024-05-03
107,242595,['Possible Permit Violation'],2024-04-23,2024-04-23,Washington,Incident Closed - No further action,21783,2024-04-23
108,242585,['Smoke'],2024-04-23,2024-04-23,Allegany,Under Investigation,21540-109,2024-04-23
109,242580,['Other'],2024-05-01,2024-05-01,Prince George's,Incident Closed-Managed,,2024-05-01
110,242579,['Other'],2024-04-29,,Prince George's,Incident Closed-Managed,,
111,242578,['Other'],2024-04-25,2024-05-25,Howard,Incident Closed-Managed,,2024-05-25
112,242556,['Air'],2024-04-26,2024-04-26,Anne Arundel,Incident Closed-No Violation Observed,21122,2024-04-26
113,242555,['Air'],2024-04-29,2024-04-29,Charles,Incident Closed - No further action,20695,2024-04-29
114,242550,['Air'],2024-04-26,2024-04-26,Anne Arundel,Incident Closed-No Violation Observed,21037,2024-04-26
115,242549,['Air'],2024-04-24,2024-04-24,Anne Arundel,Incident Closed-No Violation Observed,21122,2024-04-24
116,242546,['Air'],2024-04-24,2024-04-24,Anne Arundel,Incident Closed-No Violation Observed,21060,2024-04-24
117,242545,['Odor'],2024-04-24,2024-04-23,Worcester,Incident Closed-No Violation Observed,21811,2024-04-23
118,242544,['Air'],2024-04-23,2024-04-23,Frederick,Incident Closed-No Violation Observed,21788,2024-04-23
119,242543,['Air'],2024-04-19,2024-04-19,Frederick,Incident Closed-No Violation Observed,21788,2024-04-19
120,242542,['Odor'],2024-04-23,2024-04-23,Dorchester,Incident Closed - No further action,21835,2024-04-23
121,242533,['Air'],2024-04-19,2024-04-19,Anne Arundel,Incident Closed-No Violation Observed,21060,2024-04-19
122,242532,['Other'],2024-04-16,2024-04-16,Prince George's,Incident Closed-Managed,,2024-04-16
123,242530,['Other'],2024-04-16,2024-04-16,Prince George's,Incident Closed-Managed,,2024-04-16
124,242524,"['Air', 'Open Burning', 'Smoke']",2024-04-15,2024-04-15,Cecil,Referred to LMA,21921,2024-04-15
125,242508,['Air'],2024-04-13,2024-04-13,Anne Arundel,Incident Closed-Managed,21403,2024-04-13
126,242507,['Air'],2024-04-15,2024-04-15,Frederick,Referred to Attorney General's Office,21757,2024-04-15
127,242507,['Air'],2024-04-15,2024-04-15,Frederick,Referred to Attorney General's Office,21757,2024-04-15
128,242506,['Air'],2024-04-15,2024-04-15,Frederick,Referred to Attorney General's Office,21757,2024-04-15
129,242506,['Air'],2024-04-15,2024-04-15,Frederick,Referred to Attorney General's Office,21757,2024-04-15
130,242504,['Other'],2024-04-12,2024-04-11,Prince George's,Incident Closed-Managed,,2024-04-11
131,242503,['Other'],2024-04-11,2024-04-11,Prince George's,Incident Closed-Managed,,2024-04-11
132,242502,['Other'],2024-04-11,2024-04-11,Prince George's,Incident Closed-Managed,,2024-04-11
133,242500,['Other'],2024-04-11,2024-04-11,Prince George's,Incident Closed-Managed,,2024-04-11
134,242499,['Other'],2024-04-11,2024-04-11,Prince George's,Incident Closed-Managed,,2024-04-11
135,242498,['Other'],2024-04-08,2024-04-08,Prince George's,Incident Closed-Managed,,2024-04-08
136,242497,['Other'],2024-04-08,2024-04-08,Prince George's,Incident Closed-Managed,20743,2024-04-08
137,242496,['Other'],2024-04-08,2024-04-08,Prince George's,Incident Closed-Managed,20743,2024-04-08
138,242495,['Other'],2024-04-08,2024-04-08,Prince George's,Incident Closed-Managed,20743,2024-04-08
139,242494,['Other'],2024-04-08,2024-04-08,Prince George's,Incident Closed-Managed,20743,2024-04-08
140,242493,['Other'],2024-04-08,2024-04-08,Prince George's,Incident Closed-Managed,20743,2024-04-08
141,242492,['Other'],2024-04-08,2024-04-08,Prince George's,Incident Closed-Managed,20743,2024-04-08
142,242491,['Other'],2024-04-08,2024-04-08,Prince George's,Incident Closed-Managed,20743,2024-04-08
143,242490,['Other'],2024-04-08,2024-04-08,Prince George's,Incident Closed-Managed,20743,2024-04-08
144,242489,['Other'],2024-04-08,2024-04-08,Prince George's,Incident Closed-Managed,20743,2024-04-08
145,242488,['Other'],2024-04-08,2024-04-08,Prince George's,Incident Closed-Managed,20743,2024-04-08
146,242487,['Other'],2024-04-08,2024-04-08,Prince George's,Incident Closed-Managed,20743,2024-04-08
147,242486,['Other'],2024-04-08,2024-04-08,Prince George's,Incident Closed-Managed,20743,2024-04-08
148,242484,['Fugitive Dust/Particulate Matter'],2024-04-11,2024-04-11,Worcester,Incident Closed-Managed,21851,2024-04-11
149,242483,['Air'],2024-04-11,2024-04-11,Frederick,Referred to Attorney General's Office,21757,2024-04-11
150,242482,['Air'],2024-04-10,2024-04-10,Charles,Referred to Outside Agency,20622,2024-04-10
151,242479,['Air'],2024-03-28,2024-03-28,Baltimore,Incident Closed-Managed,21227,2024-03-28
152,242478,['Air'],2024-04-10,2024-04-10,Baltimore,Incident Closed-Managed,21227,2024-04-10
153,242477,['Air'],2024-04-03,2024-04-03,Baltimore,Incident Closed-Managed,21227,2024-04-03
154,242476,['Odor'],2024-04-08,2024-04-09,Harford,Incident Closed-Managed,21040,2024-04-09
155,242463,['Air'],2024-03-30,2024-03-30,Anne Arundel,Incident Closed - No further action,21146,2024-03-30
156,242461,['Air'],2024-04-03,2024-04-03,Anne Arundel,Under Investigation,20711,2024-04-03
157,242460,['Air'],2024-04-01,2024-04-01,Anne Arundel,Incident Closed-No Violation Observed,,2024-04-01
158,242459,['Air'],2024-04-08,2024-04-01,Frederick,Referred to Attorney General's Office,21757,2024-04-01
159,242458,['Air'],2024-04-04,2024-04-04,Anne Arundel,Incident Closed-No Violation Observed,21060,2024-04-04
160,242456,['Suspected Operation without Permit'],2024-03-28,2024-03-28,Washington,Referred to Outside Agency,21783,2024-03-28
161,242455,['Open Burning'],2024-03-26,2024-03-26,Allegany,Referred to Outside Agency,21502,2024-03-26
162,242454,['Open Burning'],2024-03-25,2024-03-25,Garrett,Referred to Outside Agency,,2024-03-25
163,242436,['Odor'],2024-04-01,2024-04-01,Baltimore,Incident Closed-Managed,,2024-04-01
164,242435,['Odor'],2024-03-30,2024-03-30,Baltimore,Incident Closed-Managed,,2024-03-30
165,242434,['Fugitive Dust/Particulate Matter'],2024-03-28,2024-03-28,Baltimore,Incident Closed-Managed,,2024-03-28
166,242433,['Odor'],2024-03-27,2024-03-27,Baltimore City,Incident Closed-Managed,,2024-03-27
167,242432,['Odor'],2024-03-25,2024-03-25,Baltimore City,Incident Closed-Managed,,2024-03-25
168,242428,['Other'],2024-03-30,2024-03-30,Prince George's,Incident Closed-Managed,,2024-03-30
169,242424,"['Air', 'Fugitive Dust/Particulate Matter']",2024-03-29,2024-03-29,Montgomery,Referred to Outside Agency,20817,2024-03-29
170,242405,['Other'],2024-03-25,2024-03-25,Prince George's,Incident Closed-Managed,,2024-03-25
171,242404,['Other'],2024-03-25,2024-03-25,Prince George's,Incident Closed-Managed,,2024-03-25
172,242392,['Air'],2024-03-21,2024-03-21,Frederick,Under Investigation,21703,2024-03-21
173,242390,['Smoke'],2024-03-18,2024-03-18,Baltimore City,Incident Closed-Managed,,2024-03-18
174,242389,['Fugitive Dust/Particulate Matter'],2024-02-23,2024-02-23,Baltimore,Incident Closed-Managed,,2024-02-23
175,242388,['Odor'],2024-02-23,2024-02-23,Baltimore City,Incident Closed-Managed,,2024-02-23
176,242386,['Odor'],2024-03-14,2024-03-14,Baltimore City,Incident Closed-Managed,,2024-03-14
177,242385,['Odor'],2024-03-04,2024-03-04,Baltimore City,Incident Closed-Managed,,2024-03-04
178,242384,['Odor'],2024-03-09,2024-03-09,Baltimore City,Incident Closed-Managed,,2024-03-09
179,242383,['Odor'],2024-03-08,2024-03-08,Baltimore City,Incident Closed-Managed,,2024-03-08
180,242382,['Odor'],2024-03-05,2024-03-05,Baltimore City,Incident Closed-Managed,,2024-03-05
181,242381,['Odor'],2024-03-04,2024-03-04,Baltimore City,Incident Closed-Managed,,2024-03-04
182,242380,['Odor'],2024-03-01,2024-03-01,Baltimore City,Incident Closed-Managed,,2024-03-01
183,242379,['Odor'],2024-02-29,2024-02-29,Baltimore City,Incident Closed-Managed,,2024-02-29
184,242378,['Fugitive Dust/Particulate Matter'],2024-02-28,2024-02-28,Baltimore City,Incident Closed-Managed,,2024-02-28
185,232384,['Odor'],2024-02-28,2024-02-28,Baltimore City,Incident Closed-Managed,,2024-02-28
186,232383,['Fugitive Dust/Particulate Matter'],2024-02-28,2024-02-28,Baltimore City,Incident Closed-Managed,,2024-02-28
187,232382,['Odor'],2024-02-22,2024-02-22,Baltimore City,Incident Closed-Managed,,2024-02-22
188,232374,['Air'],2024-03-21,2024-03-21,Charles,Under Investigation,20637,2024-03-21
189,232372,['Odor'],2024-02-16,2024-02-16,Baltimore City,Incident Closed-Managed,,2024-02-16
190,232371,['Odor'],2024-02-12,2024-02-12,Baltimore City,Incident Closed-Managed,,2024-02-12
191,232369,['Air'],2024-03-19,2024-03-19,Anne Arundel,Incident Closed-No Violation Observed,21401,2024-03-19
192,232365,"['Air', 'Open Burning', 'Smoke']",2024-03-19,2024-03-19,Carroll,Referred to Outside Agency,21776,2024-03-19
193,232364,"['Air', 'Fumes', 'Odor', 'Smoke']",2024-03-14,2024-03-14,Cecil,Referred to Outside Agency,,2024-03-14
194,232363,"['Air', 'Smoke', 'Vapor Release']",2024-03-19,2024-03-14,Montgomery,Incident Closed-Managed,20850,2024-03-14
195,232361,['Air'],2024-03-17,2024-03-17,Anne Arundel,Under Investigation,,2024-03-17
196,232360,['Air'],2024-03-17,2024-03-17,Anne Arundel,Under Investigation,,2024-03-17
197,232359,"['Air', 'Fumes', 'Smoke']",2024-03-14,2024-03-14,Montgomery,Incident Closed-Managed,20850,2024-03-14
198,232358,"['Air', 'Fumes', 'Smoke']",2024-03-14,2024-03-14,Montgomery,Incident Closed-Managed,20850,2024-03-14
199,232354,['Other'],2024-03-16,2024-03-16,Prince George's,Incident Closed-Managed,,2024-03-16
200,232353,['Other'],2024-03-16,2024-03-16,Prince George's,Incident Closed-Managed,,2024-03-16
201,232351,['Other'],2024-03-13,2024-03-13,Prince George's,Incident Closed-Managed,,2024-03-13
202,232342,['Air'],2024-03-14,2024-03-14,Frederick,Referred to Attorney General's Office,21757,2024-03-14
203,232341,"['Air', 'Fumes', 'Odor']",2024-03-13,2024-03-13,Cecil,Referred to Outside Agency,21911,2024-03-13
204,232340,"['Air', 'Open Burning', 'Smoke']",2024-03-13,2024-03-13,Cecil,Referred to Outside Agency,21921,2024-03-13
205,232338,['Air'],2024-03-13,2024-03-13,Frederick,Referred to Attorney General's Office,21757,2024-03-13
206,232338,['Air'],2024-03-13,2024-03-13,Frederick,Referred to Attorney General's Office,21757,2024-03-13
207,232331,"['Air', 'Other']",2024-03-12,2024-03-12,Montgomery,Incident Closed-Managed,20879,2024-03-12
208,232330,"['Air', 'Air Pollutant Release']",2024-03-13,2024-03-13,Carroll,Incident Closed-Managed,,2024-03-13
209,232326,['Smoke'],2024-03-06,2023-12-10,Allegany,Under Investigation,21502,2023-12-10
210,232325,['Air'],2024-03-12,2024-03-12,Frederick,Referred to Attorney General's Office,21757,2024-03-12
211,232325,['Air'],2024-03-12,2024-03-12,Frederick,Referred to Attorney General's Office,21757,2024-03-12
212,232324,['Air'],2024-03-11,2024-03-11,Frederick,Referred to Attorney General's Office,21757,2024-03-11
213,232324,['Air'],2024-03-11,2024-03-11,Frederick,Referred to Attorney General's Office,21757,2024-03-11
214,232323,['Air'],2024-03-11,2024-03-11,Anne Arundel,Incident Closed-Managed,21060,2024-03-11
215,232322,['Air'],2024-03-11,2024-03-11,Anne Arundel,Incident Closed-Managed,21060,2024-03-11
216,232321,['Air'],2024-03-11,2024-03-11,Anne Arundel,Incident Closed-Managed,21060,2024-03-11
217,232320,['Air'],2024-03-08,2024-03-08,Anne Arundel,Incident Closed-Managed,21060,2024-03-08
218,232319,['Air'],2024-03-08,2024-03-08,Anne Arundel,Incident Closed-Managed,21226,2024-03-08
219,232316,['Air'],2024-03-08,2024-03-08,Anne Arundel,Incident Closed-Managed,21060,2024-03-08
220,232315,['Air'],2024-03-08,2024-03-08,Anne Arundel,Incident Closed-No Violation Observed,21226,2024-03-08
221,232314,['Air'],2024-03-07,2024-03-07,Anne Arundel,Incident Closed-Managed,21060,2024-03-07
222,232313,['Air'],2024-03-07,2024-03-07,Anne Arundel,Incident Closed-Managed,21060,2024-03-07
223,232312,['Air'],2024-03-07,2024-03-07,Anne Arundel,Incident Closed-Managed,21060,2024-03-07
224,232311,['Air'],2024-03-07,2024-03-07,Anne Arundel,Incident Closed-Managed,21060,2024-03-07
225,232309,['Air'],2024-03-07,2024-03-07,Anne Arundel,Incident Closed-Managed,21060,2024-03-07
226,232308,['Air'],2024-03-07,2024-03-07,Anne Arundel,Incident Closed-Managed,21060,2024-03-07
227,232307,['Air'],2024-03-07,2024-03-07,Anne Arundel,Incident Closed-Managed,21060,2024-03-07
228,232306,['Air'],2024-03-07,2024-03-07,Anne Arundel,Incident Closed-Managed,21060,2024-03-07
229,232305,['Air'],2024-03-07,2024-03-07,Anne Arundel,Incident Closed-Managed,21060,2024-03-07
230,232304,['Air'],2024-03-07,2024-03-07,Anne Arundel,Incident Closed-Managed,21060,2024-03-07
231,232303,['Air'],2024-03-07,2024-03-07,Anne Arundel,Incident Closed-Managed,21060,2024-03-07
232,232302,['Air'],2024-03-07,2024-03-07,Anne Arundel,Incident Closed-Managed,21060,2024-03-07
233,232301,['Air'],2024-03-07,2024-03-07,Anne Arundel,Incident Closed-Managed,21060,2024-03-07
234,232300,['Air'],2024-03-07,2024-03-07,Anne Arundel,Incident Closed-Managed,21226,2024-03-07
235,232299,['Air'],2024-03-07,2024-03-07,Anne Arundel,Incident Closed-Managed,21060,2024-03-07
236,232298,['Air'],2024-03-07,2024-03-07,Anne Arundel,Incident Closed-Managed,21060,2024-03-07
237,232296,['Air'],2024-03-07,2024-03-07,Anne Arundel,Incident Closed-Managed,21060,2024-03-07
238,232295,['Air'],2024-03-07,2024-03-07,Anne Arundel,Incident Closed-Managed,21060,2024-03-07
239,232291,['Air'],2024-03-07,2024-03-07,Anne Arundel,Incident Closed-Managed,21226,2024-03-07
240,232290,['Air'],2024-03-07,2024-03-07,Anne Arundel,Incident Closed-Managed,21226,2024-03-07
241,232289,['Air'],2024-03-07,2024-03-07,Anne Arundel,Incident Closed-Managed,21226,2024-03-07
242,232288,['Air'],2024-03-07,2024-03-07,Anne Arundel,Incident Closed-Managed,21060,2024-03-07
243,232287,['Air'],2024-03-07,2024-03-07,Anne Arundel,Incident Closed-Managed,21060,2024-03-07
244,232286,['Air'],2024-03-06,2024-03-06,Anne Arundel,Incident Closed-Managed,,2024-03-06
245,232285,['Air'],2024-03-06,2024-03-06,Anne Arundel,Incident Closed-Managed,,2024-03-06
246,232284,['Air'],2024-03-06,2024-03-06,Anne Arundel,Incident Closed-Managed,,2024-03-06
247,232281,['Air'],2024-03-08,2024-03-08,Anne Arundel,Incident Closed-No Violation Observed,21122,2024-03-08
248,232280,['Air'],2024-03-08,2024-03-08,Frederick,Incident Closed-No Violation Observed,21701,2024-03-08
249,232279,['Air'],2024-03-07,2024-03-07,Anne Arundel,Incident Closed-No Violation Observed,21061,2024-03-07
250,232278,['Air'],2024-03-07,2024-03-07,Anne Arundel,Incident Closed-No Violation Observed,,2024-03-07
251,232273,['Open Burning'],2024-03-11,2024-03-08,Caroline,Incident Closed-No Violation Observed,21629,2024-03-08
252,232264,['Other'],2024-03-06,2024-03-06,Prince George's,Incident Closed-Managed,,2024-03-06
253,232263,['Other'],2024-03-06,2024-03-06,Prince George's,Incident Closed-Managed,,2024-03-06
254,232262,['Other'],2024-03-06,2024-03-06,Prince George's,Incident Closed-Managed,,2024-03-06
255,232261,['Other'],2024-03-06,2024-03-06,Prince George's,Incident Closed-Managed,,2024-03-06
256,232260,['Other'],2024-03-06,2024-03-06,Prince George's,Incident Closed-Managed,,2024-03-06
257,232259,['Other'],2024-03-06,2024-03-06,Prince George's,Incident Closed-Managed,,2024-03-06
258,232258,['Other'],2024-03-06,2024-03-06,Prince George's,Incident Closed-Managed,,2024-03-06
259,232257,['Other'],2024-03-06,2024-03-06,Prince George's,Incident Closed-Managed,,2024-03-06
260,232253,['Air'],2024-03-07,2024-03-07,Anne Arundel,Incident Closed-Managed,21226,2024-03-07
261,232252,['Air'],2024-03-06,2024-03-06,Anne Arundel,Incident Closed - No further action,21061,2024-03-06
262,232250,['Air'],2024-03-06,2024-03-06,Anne Arundel,Incident Closed-No Violation Observed,21061,2024-03-06
263,232240,['Open Burning'],2024-03-04,2024-03-03,Wicomico,Incident Closed-No Violation Observed,21804,2024-03-03
264,232216,['Odor'],2024-03-01,2024-03-01,Dorchester,Incident Closed - No further action,21835,2024-03-01
265,232215,['Odor'],2024-03-01,2024-03-01,Dorchester,Incident Closed - No further action,21835,2024-03-01
266,232214,['Odor'],2024-02-26,2024-02-26,Dorchester,Incident Closed - No further action,21835,2024-02-26
267,232205,"['Air', 'Smoke']",2024-02-29,2024-02-29,Carroll,Referred to Outside Agency,,2024-02-29
268,232204,['Other'],2024-02-28,2024-02-28,Prince George's,Incident Closed-Managed,,2024-02-28
269,232203,['Air'],2024-03-01,2024-03-01,Anne Arundel,Incident Closed-No Violation Observed,21090,2024-03-01
270,232193,['Other'],2024-02-27,2024-02-27,Prince George's,Incident Closed-Managed,20735,2024-02-27
271,232191,['Air'],2024-02-28,2024-02-28,Frederick,Referred to Attorney General's Office,21757,2024-02-28
272,232191,['Air'],2024-02-28,2024-02-28,Frederick,Referred to Attorney General's Office,21757,2024-02-28
273,232190,['Air'],2024-02-28,2024-02-28,Charles,Under Investigation,,2024-02-28
274,232188,['Smoke'],2024-02-27,2024-02-26,,Under Investigation,21226,2024-02-26
275,232187,['Air'],2024-02-27,2024-02-27,Anne Arundel,Incident Closed-No Violation Observed,21403,2024-02-27
276,232186,['Odor'],2024-02-26,2024-02-26,Anne Arundel,Incident Closed - No further action,21226,2024-02-26
277,232176,['Air'],2024-02-26,2024-02-26,Anne Arundel,Incident Closed-Managed,21060,2024-02-26
278,232175,['Air'],2024-02-23,2024-02-23,Anne Arundel,Incident Closed-No Violation Observed,,2024-02-23
279,232169,['Air'],2024-02-22,2024-02-22,Anne Arundel,Incident Closed-No Violation Observed,21122,2024-02-22
280,222175,"['Air', 'Other']",2024-02-20,2024-02-20,Montgomery,Referred to Outside Agency,20788,2024-02-20
281,222174,['Smoke'],2024-02-22,2024-02-21,,Under Investigation,21226,2024-02-21
282,222158,['Fugitive Dust/Particulate Matter'],2024-02-20,2024-02-20,Worcester,Referred to Outside Agency,21842,2024-02-20
283,222156,['Air'],2024-02-15,2024-02-15,Baltimore,Incident Closed-No Violation Observed,21223,2024-02-15
284,222155,['Air'],2024-02-14,2024-02-14,Frederick,Referred to Attorney General's Office,21757,2024-02-14
285,222150,"['Air', 'Open Burning']",2024-02-16,2024-02-09,Cecil,Referred to LMA,21921,2024-02-09
286,222149,['Fugitive Dust/Particulate Matter'],2024-02-15,2024-02-15,Allegany,Under Investigation,21532,2024-02-15
287,222148,['Odor'],2024-02-09,2024-02-09,Baltimore City,Incident Closed-Managed,,2024-02-09
288,222147,['Odor'],2024-02-09,2024-02-09,Baltimore City,Incident Closed-Managed,,2024-02-09
289,222146,['Odor'],2024-02-08,2024-02-08,Baltimore City,Incident Closed-Managed,,2024-02-08
290,222145,['Odor'],2024-02-07,2024-02-07,Baltimore City,Incident Closed-Managed,,2024-02-07
291,222144,['Odor'],2024-02-06,2024-02-06,Baltimore City,Incident Closed-Managed,,2024-02-06
292,222143,['Smoke'],2024-02-02,2024-02-02,Baltimore City,Incident Closed-Managed,,2024-02-02
293,222142,['Odor'],2024-02-05,2024-02-05,Baltimore,Incident Closed-Managed,,2024-02-05
294,222141,['Odor'],2024-02-05,2024-02-05,Baltimore City,Incident Closed-Managed,,2024-02-05
295,222140,['Odor'],2024-02-02,2024-02-02,Baltimore,Incident Closed-Managed,,2024-02-02
296,222139,['Fugitive Dust/Particulate Matter'],2024-02-05,2024-02-03,Worcester,Incident Closed-Restored,21851,2024-02-03
297,222138,"['Air', 'Open Burning']",2024-02-07,2024-02-07,Cecil,Referred to LMA,21921,2024-02-07
298,222122,['Air'],2024-02-14,2024-02-14,Charles,Clean-up Initiated,20601,2024-02-14
299,222121,['Smoke'],2024-02-06,2024-02-06,,Under Investigation,21226,2024-02-06
300,222116,['Odor'],2024-02-13,2024-02-08,Baltimore City,Incident Closed-Managed,21226,2024-02-08
301,222114,['Fugitive Dust/Particulate Matter'],2024-02-12,2024-02-12,Allegany,Incident Closed - No further action,21532,2024-02-12
302,222112,"['Air', 'Fumes']",2024-02-09,2023-12-22,Cecil,Referred to Outside Agency,21901,2023-12-22
303,222111,['Other'],2024-02-03,2024-02-03,Prince George's,Incident Closed-Managed,20785,2024-02-03
304,222110,['Other'],2024-02-10,2024-02-10,Prince George's,Incident Closed-Managed,,2024-02-10
305,222109,['Other'],2024-02-09,2024-02-09,Prince George's,Incident Closed-Managed,,2024-02-09
306,222108,['Air'],2024-02-09,2024-02-09,Anne Arundel,Incident Closed-No Violation Observed,21090,2024-02-09
307,222107,['Air'],2024-02-09,2024-02-09,Anne Arundel,Incident Closed-No Violation Observed,21090,2024-02-09
308,222106,['Odor'],2024-02-09,2023-12-26,Talbot,Referred to WMA,21652,2023-12-26
309,222096,['Air'],2024-02-06,2024-02-06,Anne Arundel,Incident Closed-No Violation Observed,21113,2024-02-06
310,222094,['Odor'],2024-01-27,2024-01-27,Baltimore City,Incident Closed-Managed,,2024-01-27
311,222093,['Odor'],2024-02-26,2024-01-26,Baltimore City,Incident Closed-Managed,,2024-01-26
312,222092,['Odor'],2024-01-26,2024-01-26,Baltimore City,Incident Closed-Managed,,2024-01-26
313,222091,['Smoke'],2024-01-26,2024-01-26,Baltimore City,Incident Closed-Managed,,2024-01-26
314,222090,['Odor'],2024-01-25,2024-01-25,Baltimore City,Incident Closed-Managed,,2024-01-25
315,222089,['Odor'],2024-01-23,2024-01-23,Baltimore City,Incident Closed-Managed,,2024-01-23
316,222088,['Odor'],2024-01-19,2024-01-19,Baltimore City,Incident Closed-Managed,,2024-01-19
317,222087,['Odor'],2024-01-16,2024-01-16,Baltimore City,Incident Closed-Managed,,2024-01-16
318,222086,['Odor'],2024-01-11,2024-01-11,Baltimore City,Incident Closed-Managed,,2024-01-11
319,222085,['Smoke'],2024-02-06,2024-02-06,,Under Investigation,21226,2024-02-06
320,222084,['Smoke'],2024-01-26,2024-01-26,,Under Investigation,21226,2024-01-26
321,222071,"['Air', 'Odor', 'Smoke']",2024-02-01,2024-02-01,Cecil,Referred to Outside Agency,21903,2024-02-01
322,222070,"['Air', 'Odor', 'Smoke']",2024-01-30,2024-01-30,Montgomery,Incident Closed-Managed,20852,2024-01-30
324,222067,['Other'],2024-02-01,2024-02-01,Prince George's,Incident Closed-Managed,,2024-02-01
325,222055,['Air'],2024-02-01,2024-02-01,Frederick,Referred to Attorney General's Office,21757,2024-02-01
326,222054,['Air'],2024-02-01,2024-02-01,Frederick,Incident Closed - No further action,21701,2024-02-01
327,222053,['Other'],2024-01-31,2024-01-31,Prince George's,Incident Closed-Managed,,2024-01-31
328,222052,['Other'],2024-01-31,2024-01-31,Howard,Incident Closed-Managed,,2024-01-31
329,222051,['Air'],2024-02-01,2024-02-01,Anne Arundel,Incident Closed-Managed,21122,2024-02-01
330,222044,['Odor'],2024-01-25,2024-01-25,Anne Arundel,Incident Closed - No further action,21226,2024-01-25
331,222043,['Odor'],2024-01-25,2024-01-25,Anne Arundel,Incident Closed - No further action,21226,2024-01-25
332,222036,['Other'],2024-01-30,2024-01-30,Prince George's,Incident Closed-Managed,,2024-01-30
333,222032,['Other'],2024-01-25,2024-01-25,Prince George's,Incident Closed-Managed,,2024-01-25
334,222027,['Fugitive Dust/Particulate Matter'],2024-01-26,,Baltimore,Incident Closed-Managed,21227,
335,222026,['Air'],2024-01-29,2024-01-29,Anne Arundel,Incident Closed-Managed,21054,2024-01-29
336,222022,['Air'],2024-01-26,2024-01-26,Anne Arundel,Incident Closed-No Violation Observed,21061,2024-01-26
337,222019,['Air'],2024-01-25,2024-01-25,Anne Arundel,Incident Closed-Managed,21060,2024-01-25
338,222016,['Fugitive Dust/Particulate Matter'],2024-01-24,,Baltimore,Incident Closed-Managed,21227,
339,222015,['Fugitive Dust/Particulate Matter'],2024-01-24,,Baltimore,Incident Closed-Managed,21227,
340,222014,['Air'],2024-01-25,2024-01-25,Anne Arundel,Under Investigation,,2024-01-25
341,222012,['Air'],2024-01-24,2024-01-24,Anne Arundel,Incident Closed-Managed,,2024-01-24
342,222010,['Smoke'],2024-01-03,2024-01-03,,Incident Closed-Managed,21230,2024-01-03
343,222009,['Smoke'],2024-01-24,2024-01-24,,Under Investigation,21226,2024-01-24
344,222008,"['Odor', 'Smoke']",2024-01-16,2024-01-13,,Under Investigation,21226,2024-01-13
345,222007,['Smoke'],2024-01-05,2024-01-05,,Under Investigation,21226,2024-01-05
346,222005,['Fugitive Dust/Particulate Matter'],2024-01-17,,Baltimore,Incident Closed-Managed,21227,
347,222004,['Fumes'],2024-01-18,,Baltimore,Incident Closed-Managed,21228,
348,222002,['Air'],2024-01-23,2024-01-23,Frederick,Incident Closed-No Violation Observed,21703,2024-01-23
349,221998,['Air'],2024-01-12,2024-01-12,Montgomery,Incident Closed - No further action,20904,2024-01-12
350,221996,['Other'],2024-01-18,2024-01-18,Prince George's,Incident Closed-Managed,20747,2024-01-18
351,211996,"['Air', 'Odor']",2024-01-17,2024-01-17,Cecil,Referred to LMA,21911,2024-01-17
352,211992,['Other'],2024-01-17,2024-01-17,Prince George's,Incident Closed-Managed,,2024-01-17
353,211985,['Other'],2024-01-11,2024-01-11,Caroline,Referred to Outside Agency,21660,2024-01-11
354,211984,['Other'],2024-01-10,2024-01-10,Caroline,Referred to WMA,21660,2024-01-10
355,211983,['Odor'],2024-01-08,2024-01-08,Baltimore City,Incident Closed - No further action,,2024-01-08
356,211973,['Other'],2024-01-11,2024-01-11,Prince George's,Incident Closed-Managed,,2024-01-11
357,211968,['Other'],2024-01-04,2024-01-04,Washington,Incident Closed - No further action,,2024-01-04
358,211967,['Smoke'],2023-12-27,2023-12-27,Allegany,Incident Closed - No further action,21502,2023-12-27
359,211964,"['Air', 'Odor']",2024-01-02,2024-01-02,Cecil,Incident Closed - No further action,,2024-01-02
360,211963,['Open Burning'],2024-01-03,2024-01-03,Wicomico,Incident Closed-No Violation Observed,21804,2024-01-03
361,211961,['Odor'],2024-01-06,,Baltimore,Incident Closed-Managed,,
362,211960,['Air'],2024-01-09,2024-01-08,Frederick,Referred to Attorney General's Office,21757,2024-01-08
363,211959,['Air'],2024-01-05,2024-01-05,Anne Arundel,Incident Closed-No Violation Observed,,2024-01-05
364,211956,['Other'],2024-01-05,2024-01-05,Prince George's,Incident Closed-Managed,,2024-01-05
365,211955,['Other'],2024-01-03,2024-01-03,Prince George's,Incident Closed-Managed,,2024-01-03
366,211949,['Odor'],2024-01-03,,Baltimore,Incident Not Applicable to MDE,,
367,211948,['Odor'],2024-01-03,,Baltimore,Incident Closed-Managed,,
368,211947,['Fumes'],2024-01-03,,Baltimore,Incident Closed - No further action,21222,
369,211938,['Other'],2023-12-22,2023-12-22,Howard,Incident Closed-Managed,,2023-12-22
370,211934,['Air'],2024-01-02,2024-01-02,Anne Arundel,Incident Closed-No Violation Observed,21061,2024-01-02
371,211932,['Air'],2023-12-27,2023-12-27,Anne Arundel,Incident Closed-Managed,,2023-12-27
372,211930,['Odor'],2023-12-27,,Baltimore,Incident Closed-Managed,,
373,211926,['Air'],2023-12-22,2023-12-22,Frederick,Incident Closed-No Violation Observed,21788,2023-12-22
374,211907,['Air'],2023-12-21,2023-12-21,Anne Arundel,Incident Closed-No Violation Observed,21403,2023-12-21
375,201907,['Air'],2023-12-20,2023-12-20,Queen Anne's,Incident Closed-Managed,21638,2023-12-20
376,201905,['Fugitive Dust/Particulate Matter'],2023-12-20,2023-12-20,Allegany,Under Investigation,21536,2023-12-20
377,201904,['Air'],2023-12-15,2023-12-15,Anne Arundel,Incident Closed-No Violation Observed,21054,2023-12-15
378,201899,['Other'],2023-12-18,2023-12-18,Prince George's,Incident Closed-Managed,,2023-12-18
379,201898,['Other'],2023-12-19,,Baltimore,Incident Closed - No further action,,
380,201894,['Odor'],2023-12-18,,Harford,Incident Closed-Managed,21001,
381,201889,['Fumes'],2023-12-13,,Baltimore,Referred to Outside Agency,,
382,201885,['Other'],2023-12-15,2023-12-15,Prince George's,Incident Closed-Managed,,2023-12-15
383,201883,['Other'],2023-12-14,2023-12-14,Howard,Incident Closed-Managed,,2023-12-14
384,201873,['Odor'],2023-12-10,2023-12-10,Baltimore City,Incident Closed-Managed,,2023-12-10
385,201872,['Odor'],2023-12-08,2023-12-08,Baltimore City,Incident Closed-Managed,,2023-12-08
386,201871,['Smoke'],2023-12-07,2023-12-07,Baltimore City,Incident Closed-Managed,,2023-12-07
387,201869,['Air'],2023-12-08,2023-12-08,Anne Arundel,Referred to WMA,21403,2023-12-08
388,201868,"['Air', 'Odor']",2023-12-13,2023-12-13,Cecil,Referred to LMA,21911,2023-12-13
389,201867,"['Air', 'Odor']",2023-12-12,2023-12-12,Cecil,Referred to LMA,21911,2023-12-12
390,201866,['Air'],2023-12-11,2023-12-11,Frederick,Referred to Attorney General's Office,21757,2023-12-11
391,201866,['Air'],2023-12-11,2023-12-11,Frederick,Referred to Attorney General's Office,21757,2023-12-11
392,201865,['Other'],2023-12-11,2023-12-11,Prince George's,Incident Closed-Managed,,2023-12-11
393,201864,['Other'],2023-12-11,2023-12-11,Prince George's,Incident Closed-Managed,,2023-12-11
394,201863,['Other'],2023-12-11,2023-12-11,Prince George's,Incident Closed-Managed,,2023-12-11
395,201862,['Other'],2023-12-11,2023-12-11,Prince George's,Incident Closed-Managed,,2023-12-11
396,201861,['Other'],2023-12-11,2023-12-11,Prince George's,Incident Closed-Managed,,2023-12-11
397,201860,['Other'],2023-12-11,2023-12-11,Prince George's,Incident Closed-Managed,,2023-12-11
398,201859,['Other'],2023-12-11,2023-12-11,Prince George's,Incident Closed-Managed,,2023-12-11
399,201858,['Other'],2023-12-11,2023-12-11,Prince George's,Incident Closed-Managed,,2023-12-11
400,201857,['Other'],2023-12-11,2023-12-11,Prince George's,Incident Closed-Managed,,2023-12-11
401,201856,['Other'],2023-12-08,2023-12-08,Prince George's,Incident Closed-Managed,,2023-12-08
402,201855,['Smoke'],2023-12-06,2023-12-06,Garrett,Incident Closed - No further action,21520,2023-12-06
403,201852,['Open Burning'],2023-12-05,2023-12-05,Washington,Incident Closed - No further action,21756,2023-12-05
404,201845,"['Air', 'Odor', 'Open Burning']",2023-12-11,2023-12-03,Montgomery,Referred to Outside Agency,20902,2023-12-03
405,201843,['Air'],2023-12-08,2023-12-08,Charles,Incident Closed - No further action,20601,2023-12-08
406,201842,['Air'],2023-12-05,2023-12-05,Anne Arundel,Referred to WMA,21403,2023-12-05
407,201841,['Air'],2023-12-07,2023-12-07,Charles,Incident Closed - No further action,20646,2023-12-07
408,201831,['Air'],2023-12-07,2023-12-07,Anne Arundel,Incident Closed - No further action,,2023-12-07
409,201830,['Air'],2023-12-04,2023-12-04,Frederick,Incident Closed-Managed,21788,2023-12-04
410,201829,['Air'],2023-12-07,2023-12-06,Charles,Incident Closed - No further action,20601,2023-12-06
411,201828,['Air'],2023-12-04,2023-12-04,Frederick,Incident Closed-No Violation Observed,21701,2023-12-04
412,201827,['Air'],2023-12-04,2023-12-04,Frederick,Referred to Attorney General's Office,21757,2023-12-04
413,201825,['Open Burning'],2023-12-01,2023-12-01,Wicomico,Under Investigation,21801,2023-12-01
414,201823,['Smoke'],2023-12-04,,Baltimore,Incident Closed - No further action,,
415,201822,['Odor'],2023-11-30,2023-11-30,Baltimore City,Incident Closed-Managed,,2023-11-30
416,201821,['Odor'],2023-11-25,2023-11-25,Baltimore City,Incident Closed-Managed,,2023-11-25
417,201820,['Odor'],2023-11-17,2023-11-17,Baltimore City,Incident Closed-Managed,,2023-11-17
418,201819,['Odor'],2023-11-15,2023-11-15,Baltimore City,Incident Closed-Managed,,2023-11-15
419,201818,['Odor'],2023-11-04,2023-11-04,Baltimore City,Incident Closed-Managed,,2023-11-04
420,201814,['Other'],2023-12-04,2023-11-29,Prince George's,Incident Closed-Managed,20781,2023-11-29
421,201810,"['Air', 'Fugitive Dust/Particulate Matter', 'Smoke']",2023-12-01,2023-12-01,Montgomery,Referred to Outside Agency,20902,2023-12-01
422,201809,['Air'],2023-12-01,2023-11-28,Anne Arundel,Incident Closed-Managed,21403,2023-11-28
423,191816,"['Air', 'Odor']",2023-11-30,2023-11-30,Cecil,Referred to LMA,21911,2023-11-30
424,191809,['Fumes'],2023-11-28,,Baltimore,Incident Not Applicable to MDE,,
425,191804,['Air Pollutant Release'],2023-11-28,2023-10-02,Montgomery,Under Investigation,20877,2023-10-02
426,191802,['Air'],2023-11-28,2023-11-27,Anne Arundel,Incident Closed - No further action,21114,2023-11-27
427,191794,['Air'],2023-11-27,2023-11-27,Frederick,Referred to Attorney General's Office,,2023-11-27
428,191793,"['Air', 'Odor']",2023-11-22,2023-11-22,Cecil,Referred to LMA,21911,2023-11-22
429,191783,['Other'],2023-11-21,2023-11-21,Prince George's,Incident Closed-Managed,,2023-11-21
430,191782,['Other'],2023-11-22,2023-11-21,Prince George's,Incident Closed-Managed,,2023-11-21
431,191781,['Other'],2023-11-21,2023-11-21,Prince George's,Incident Closed-Managed,,2023-11-21
432,191780,['Other'],2023-11-21,2023-11-21,Prince George's,Incident Closed-Managed,,2023-11-21
433,191779,['Other'],2023-11-20,2023-11-20,Prince George's,Incident Closed-Managed,,2023-11-20
434,191778,['Other'],2023-11-21,2023-11-21,Prince George's,Incident Closed-Managed,,2023-11-21
435,191777,['Other'],2023-11-20,2023-11-20,Prince George's,Incident Closed-Managed,,2023-11-20
436,191776,['Other'],2023-11-21,2023-11-21,Prince George's,Incident Closed-Managed,,2023-11-21
437,191775,['Other'],2023-11-21,2023-11-21,Prince George's,Incident Closed-Managed,,2023-11-21
438,191774,"['Air', 'Fugitive Dust/Particulate Matter']",2023-10-19,2023-10-19,Cecil,Incident Closed-Managed,21919,2023-10-19
439,191773,"['Air', 'Odor']",2023-11-16,2023-11-16,Cecil,Referred to Outside Agency,21911,2023-11-16
440,191772,['Odor'],2023-11-21,,St. Mary's,Referred to Outside Agency,,
441,191769,['Fugitive Dust/Particulate Matter'],2023-11-21,2023-11-21,Washington,Under Investigation,21742,2023-11-21
442,191766,['Air'],2023-11-21,2023-11-21,Anne Arundel,Referred to Attorney General's Office,,2023-11-21
443,191760,['Odor'],2023-11-17,,Baltimore,Incident Closed-Managed,,
444,191759,['Other'],2023-11-17,2023-11-17,Prince George's,Incident Closed-Managed,,2023-11-17
445,191758,['Other'],2023-11-18,2023-11-18,Prince George's,Incident Closed-Managed,,2023-11-18
446,191757,['Other'],2023-11-19,2023-11-19,Prince George's,Incident Closed-Managed,,2023-11-19
447,191756,['Other'],2023-11-19,2023-11-19,Prince George's,Incident Closed-Managed,,2023-11-19
448,191754,['Other'],2023-11-19,2023-11-19,Prince George's,Incident Closed-Managed,,2023-11-19
449,191748,"['Air', 'Smoke']",2023-11-16,2023-11-16,Carroll,Incident Closed-Managed,,2023-11-16
450,191747,"['Air', 'Odor']",2023-11-15,2023-11-13,Cecil,Referred to Outside Agency,21911,2023-11-13
451,191746,['Air'],2023-11-16,2023-11-16,Anne Arundel,Referred to WMA,21403,2023-11-16
452,191741,['Fumes'],2023-11-13,,Harford,Incident Closed-No Violation Observed,21017,
453,191739,['Air'],2023-11-13,2023-11-13,Anne Arundel,Incident Not Applicable to MDE,21225,2023-11-13
454,191738,['Air'],2023-11-14,2023-11-12,Anne Arundel,Under Investigation,,2023-11-12
455,191737,['Air'],2023-11-11,2023-11-11,Frederick,Incident Closed-Managed,21701,2023-11-11
456,191736,"['Fugitive Dust/Particulate Matter', 'Smoke']",2023-11-07,2023-11-07,Washington,Incident Closed-Managed,21740,2023-11-07
457,191735,['Air'],2023-11-08,2023-11-08,Anne Arundel,Incident Closed - No further action,21122,2023-11-08
458,191731,['Air'],2023-11-13,2023-11-10,Anne Arundel,Under Investigation,,2023-11-10
459,191730,['Air'],2023-11-13,2023-11-10,Anne Arundel,Under Investigation,,2023-11-10
460,191729,['Air'],2023-11-10,2023-11-10,Anne Arundel,Under Investigation,21060,2023-11-10
461,191726,['Air'],2023-11-10,2023-11-10,Frederick,Referred to Attorney General's Office,,2023-11-10
462,191720,['Other'],2023-11-07,2023-11-07,Prince George's,Incident Closed-Managed,20784,2023-11-07
463,191718,['Other'],2023-11-03,2023-11-03,Prince George's,Incident Closed-Managed,20746,2023-11-03
464,191715,"['Air', 'Open Burning']",2023-11-06,2023-11-06,Carroll,Referred to Outside Agency,21158,2023-11-06
465,191713,['Odor'],2023-11-03,,Baltimore,Incident Not Applicable to MDE,,
466,191712,['Odor'],2023-11-02,,Baltimore,Referred to Outside Agency,,
467,191711,['Other'],2023-11-03,2023-11-03,Prince George's,Incident Closed-Managed,,2023-11-03
468,191710,['Other'],2023-10-30,2023-10-30,Prince George's,Incident Closed-Managed,,2023-10-30
469,191707,['Air'],2023-11-02,2023-11-02,Frederick,Incident Closed - No further action,21769,2023-11-02
470,191706,['Air'],2023-11-03,2023-11-02,Anne Arundel,Under Investigation,,2023-11-02
471,191705,['Air'],2023-11-03,2023-10-31,Charles,Incident Closed - No further action,,2023-10-31
472,191704,['Odor'],2023-10-30,2023-10-30,Baltimore City,Incident Closed-Managed,,2023-10-30
473,191703,['Odor'],2023-10-29,2023-10-29,Baltimore City,Incident Closed-Managed,,2023-10-29
474,191702,['Odor'],2023-11-28,2023-10-28,Baltimore City,Incident Closed-Managed,,2023-10-28
475,191700,['Odor'],2023-10-27,2023-10-27,Baltimore City,Incident Closed-Managed,,2023-10-27
476,191699,['Odor'],2023-11-01,2023-11-01,Washington,Incident Closed - No further action,21740,2023-11-01
477,191697,['Fugitive Dust/Particulate Matter'],2023-10-26,2023-10-26,Washington,Under Investigation,21742,2023-10-26
478,191696,['Fugitive Dust/Particulate Matter'],2023-10-26,2023-10-26,Washington,Under Investigation,21742,2023-10-26
479,191693,['Air'],2023-11-01,2023-10-31,Frederick,Referred to Attorney General's Office,,2023-10-31
480,191692,['Air'],2023-10-31,2023-10-31,Anne Arundel,Incident Closed - No further action,21144,2023-10-31
481,191690,['Air'],2023-11-01,2023-10-30,Anne Arundel,Incident Not Applicable to MDE,,2023-10-30
482,191689,['Air'],2023-11-01,2023-10-26,Anne Arundel,Under Investigation,,2023-10-26
483,191686,"['Air', 'Odor']",2023-10-31,2023-10-27,Baltimore,Incident Closed-Managed,21224,2023-10-27
484,191684,['Other'],2023-10-24,2023-10-24,Baltimore City,Incident Closed-Managed,,2023-10-24
485,191683,['Odor'],2023-10-24,2023-10-24,Baltimore City,Incident Closed-Managed,,2023-10-24
486,191682,['Odor'],2023-10-19,2023-10-19,Baltimore City,Incident Closed-Managed,,2023-10-19
487,191681,['Air Pollutant Release'],2023-10-16,2023-10-16,Baltimore City,Incident Closed - No further action,,2023-10-16
488,191680,['Air'],2023-10-11,2023-05-06,Baltimore City,Incident Closed-Managed,21226,2023-05-06
489,191677,"['Air', 'Fumes', 'Odor']",2023-10-26,2023-10-26,Carroll,Incident Closed-Managed,21048,2023-10-26
490,191675,['Air'],2023-10-30,2023-10-30,Frederick,Incident Closed - No further action,,2023-10-30
491,191674,['Air'],2023-10-30,2023-10-28,Anne Arundel,Incident Closed - No further action,21037,2023-10-28
492,191671,['Other'],2023-10-24,2023-10-24,Prince George's,Incident Closed-Managed,,2023-10-24
493,191667,['Air'],2023-10-26,2023-10-26,Frederick,Clean-up Initiated,,2023-10-26
494,191665,['Odor'],2023-10-12,2023-10-12,Baltimore City,Incident Closed-Managed,,2023-10-12
495,191664,['Odor'],2023-10-05,2023-10-05,Baltimore City,Incident Closed-Managed,,2023-10-05
496,191663,['Odor'],2023-09-26,2023-09-26,Baltimore City,Incident Closed-Managed,,2023-09-26
497,191662,['Odor'],2023-09-27,2023-09-27,Baltimore City,Incident Closed-Managed,,2023-09-27
498,191661,['Odor'],2023-09-20,2023-09-20,Baltimore City,Incident Closed-Managed,,2023-09-20
499,191660,['Odor'],2023-09-12,2023-09-12,Baltimore City,Incident Closed-Managed,,2023-09-12
500,191659,['Fugitive Dust/Particulate Matter'],2023-09-11,2023-09-11,Baltimore City,Incident Closed-Managed,,2023-09-11
501,191658,['Odor'],2023-09-11,2023-09-11,Baltimore City,Incident Closed-Managed,,2023-09-11
502,191657,['Odor'],2023-09-09,2023-09-09,Baltimore City,Incident Closed-Managed,,2023-09-09
503,191656,['Fugitive Dust/Particulate Matter'],2023-09-08,2023-09-08,Baltimore City,Incident Closed-Managed,,2023-09-08
504,191655,['Odor'],2023-09-07,2023-09-07,Baltimore City,Incident Closed-Managed,,2023-09-07
505,191650,['Air'],2023-10-25,2023-10-25,Frederick,Clean-up Initiated,,2023-10-25
506,191648,['Noise Complaint'],2023-10-23,,Baltimore,Incident Not Applicable to MDE,,
507,191646,['Air'],2023-10-24,2023-10-24,Frederick,Clean-up Initiated,,2023-10-24
508,191644,['Air'],2023-10-24,2023-10-24,Frederick,Clean-up Initiated,,2023-10-24
509,191643,['Air'],2023-10-24,2023-10-23,Charles,Under Investigation,,2023-10-23
510,191638,['Other'],2023-10-19,2023-10-19,Prince George's,Incident Closed-Managed,20743,2023-10-19
511,191637,"['Fugitive Dust/Particulate Matter', 'Smoke']",2023-10-18,2023-10-05,Allegany,Incident Closed - No further action,21540-109,2023-10-05
512,191635,['Other'],2023-10-19,2023-10-19,Prince George's,Incident Closed-Managed,,2023-10-19
513,191634,['Fugitive Dust/Particulate Matter'],2023-10-18,2023-10-18,Washington,Under Investigation,21742,2023-10-18
514,181632,['Air'],2023-10-19,2023-10-19,St. Mary's,Incident Not Applicable to MDE,,2023-10-19
515,181626,['Air'],2023-10-18,2023-10-16,Anne Arundel,Incident Closed-No Violation Observed,21037,2023-10-16
516,181625,['Air'],2023-10-16,2023-10-16,Frederick,Incident Closed - No further action,,2023-10-16
517,181624,['Air'],2023-10-17,2023-10-17,Anne Arundel,Incident Closed - No further action,,2023-10-17
518,181622,['Other'],2023-10-16,,Baltimore,Incident Closed-Managed,,
519,181621,['Odor'],2023-10-15,,Baltimore,Incident Closed-No Violation Observed,,
520,181617,"['Air', 'Odor', 'Open Burning', 'Smoke']",2023-10-10,2023-10-10,Cecil,Incident Closed-Managed,21919,2023-10-10
521,181616,"['Air', 'Fugitive Dust/Particulate Matter', 'Other', 'Suspected Operation without Permit']",2023-10-11,2023-10-11,Cecil,Incident Closed-Managed,21901,2023-10-11
522,181615,"['Air', 'Fumes', 'Odor']",2023-10-13,2023-10-13,Montgomery,Incident Closed-Managed,20852,2023-10-13
523,181613,['Other'],2023-10-11,2023-10-11,Allegany,Incident Closed - No further action,,2023-10-11
524,181612,['Other'],2023-10-10,2023-10-10,Allegany,Incident Closed - No further action,,2023-10-10
525,181611,['Smoke'],2023-09-27,2023-09-27,Allegany,Incident Closed - No further action,21562,2023-09-27
526,181609,['Air'],2023-10-13,2023-10-13,Anne Arundel,Incident Not Applicable to MDE,,2023-10-13
527,181607,['Other'],2023-10-05,2023-10-05,Prince George's,Incident Closed-Managed,,2023-10-05
528,181606,['Other'],2023-10-05,2023-10-05,Prince George's,Incident Closed-Managed,,2023-10-05
529,181605,['Other'],2023-10-03,2023-10-03,Prince George's,Incident Closed-Managed,,2023-10-03
530,181598,['Air'],2023-10-11,2023-10-11,Frederick,Incident Closed-Clean-up Completed,21701,2023-10-11
531,181596,['Fugitive Dust/Particulate Matter'],2023-10-03,2023-10-03,Kent,Incident Closed-No Violation Observed,,2023-10-03
532,181595,['Odor'],2023-10-09,,Baltimore,Incident Closed-No Violation Observed,21093,
533,181594,['Smoke'],2023-10-10,,Baltimore,Incident Not Applicable to MDE,,
534,181593,['Air'],2023-10-10,2023-10-09,Frederick,Clean-up Initiated,21757,2023-10-09
535,181588,['Air'],2023-10-05,2023-10-05,Frederick,Incident Closed - No further action,21771,2023-10-05
536,181587,['Air'],2023-10-03,2023-10-03,Frederick,Incident Closed - No further action,,2023-10-03
537,181586,['Air'],2023-10-04,2023-10-04,Frederick,Clean-up Initiated,21757,2023-10-04
538,181585,"['Air', 'Odor']",2023-10-05,2023-10-04,Baltimore,Incident Closed-Managed,21224,2023-10-04
539,181584,['Odor'],2023-10-04,,Harford,Incident Not Applicable to MDE,,
540,181582,['Odor'],2023-10-04,2023-10-04,Cecil,Referred to Outside Agency,21911,2023-10-04
541,181579,['Air'],2023-10-04,2023-10-04,Frederick,Clean-up Initiated,,2023-10-04
542,181578,['Other'],2023-10-02,2023-10-02,Prince George's,Incident Closed-Managed,,2023-10-02
543,181577,['Other'],2023-08-29,2023-09-29,Prince George's,Incident Closed-Managed,,2023-09-29
544,181574,['Odor'],2023-10-03,,Baltimore,Incident Closed-Managed,,
545,181573,['Air'],2023-10-03,2023-10-03,Frederick,Incident Closed-No Violation Observed,21701,2023-10-03
546,181572,['Air'],2023-10-03,2023-09-29,Anne Arundel,Incident Closed-Managed,21060,2023-09-29
547,181571,['Air'],2023-10-03,2023-09-29,Anne Arundel,Under Investigation,21054,2023-09-29
548,181567,['Odor'],2023-10-01,,Baltimore,Incident Closed-Managed,,
549,181566,"['Air', 'Asbestos Complaint']",2023-10-02,2023-10-02,Montgomery,Referred to Outside Agency,,2023-10-02
550,181554,['Air'],2023-09-27,2023-09-27,Frederick,Clean-up Initiated,,2023-09-27
551,181551,['Air'],2023-09-26,2023-09-25,Frederick,Clean-up In Progress,,2023-09-25
552,181546,['Other'],2023-09-25,2023-09-18,Howard,Incident Closed-Managed,,2023-09-18
553,181544,['Other'],2023-09-15,2023-09-15,Allegany,Incident Closed - No further action,,2023-09-15
555,181532,"['Air', 'Fumes', 'Odor']",2023-09-21,2023-03-22,Montgomery,Incident Closed-Managed,20837,2023-03-22
556,181531,['Air'],2023-09-21,2023-09-21,Charles,Incident Not Applicable to MDE,,2023-09-21
557,181530,['Air'],2023-09-21,2023-09-19,Frederick,Incident Closed-No Violation Observed,,2023-09-19
558,181529,['Air'],2023-09-21,2023-09-19,Anne Arundel,Incident Closed - No further action,21054,2023-09-19
559,181528,['Air'],2023-09-21,2023-09-18,Frederick,Clean-up Initiated,,2023-09-18
560,181526,['Fugitive Dust/Particulate Matter'],2023-09-18,,Baltimore,Incident Closed - No further action,21162,
561,181525,['Smoke'],2023-09-18,,Harford,Incident Closed-Managed,,
562,181517,['Air'],2023-09-18,2023-09-12,Frederick,Clean-up In Progress,,2023-09-12
563,181516,['Air'],2023-09-18,2023-09-06,Anne Arundel,Incident Closed - No further action,,2023-09-06
564,181515,['Air'],2023-09-18,2023-09-05,Anne Arundel,Under Investigation,,2023-09-05
565,181514,['Odor'],2023-09-14,2023-09-14,Carroll,Referred to Outside Agency,,2023-09-14
566,181512,['Non-Tidal Wetlands/Waterway'],2023-09-12,2023-09-12,Washington,Referred to WMA,,2023-09-12
568,181491,['Odor'],2023-09-08,2023-09-08,Dorchester,Incident Closed - No further action,21835,2023-09-08
569,181490,['Odor'],2023-09-08,2023-09-08,Dorchester,Incident Closed - No further action,21835,2023-09-08
570,181489,['Odor'],2023-09-08,2023-09-08,Dorchester,Incident Closed - No further action,21835,2023-09-08
571,181488,['Odor'],2023-09-08,2023-09-08,Dorchester,Incident Closed - No further action,21835,2023-09-08
572,181487,['Odor'],2023-08-29,2023-08-29,Dorchester,Incident Closed - No further action,21835,2023-08-29
573,181483,['Other'],2023-09-11,2023-09-11,Washington,Incident Closed-Managed,,2023-09-11
574,181482,['Other'],2023-09-11,2023-09-10,Prince George's,Incident Closed-Managed,,2023-09-10
575,181480,['Smoke'],2023-09-11,,Baltimore,Incident Closed - No further action,21228,
576,181479,['Odor'],2023-09-08,,Baltimore,Incident Closed-Managed,,
577,181478,['Fugitive Dust/Particulate Matter'],2023-09-08,,Baltimore,Incident Closed-No Violation Observed,,
578,181462,['Fumes'],2023-09-05,,Harford,Incident Closed-Managed,,
579,181459,['Odor'],2023-09-01,2023-09-01,Baltimore City,Incident Closed-Managed,,2023-09-01
580,181458,['Odor'],2023-08-28,2023-08-28,Baltimore City,Incident Closed-Managed,,2023-08-28
581,181457,['Odor'],2023-08-23,2023-08-23,Baltimore City,Incident Closed-Managed,,2023-08-23
582,181456,['Odor'],2023-08-23,2023-08-23,Baltimore City,Incident Closed-Managed,,2023-08-23
583,181455,['Odor'],2023-08-17,2023-08-17,Baltimore City,Incident Closed-Managed,,2023-08-17
584,181454,['Odor'],2023-08-14,2023-08-14,Baltimore City,Incident Closed-Managed,,2023-08-14
585,181453,['Odor'],2023-07-24,2023-07-24,Baltimore City,Incident Closed-Managed,,2023-07-24
586,181452,['ARA AQCP non-regulated entity'],2023-07-21,2023-07-21,Baltimore City,Incident Closed - No further action,,2023-07-21
587,181451,['Odor'],2023-07-20,2023-07-20,Baltimore City,Incident Closed-Managed,,2023-07-20
588,181442,['Other'],2023-08-30,2023-08-30,Prince George's,Incident Closed-Managed,,2023-08-30
589,181440,['Other'],2023-08-30,2023-08-30,Prince George's,Incident Closed-Managed,,2023-08-30
590,181427,['Other'],2023-08-28,2023-08-28,Prince George's,Incident Closed-Managed,20782,2023-08-28
591,181426,['Other'],2023-08-25,2023-08-25,Prince George's,Incident Closed-Managed,,2023-08-25
592,181425,['Other'],2023-08-18,2023-08-18,Prince George's,Incident Closed-Managed,,2023-08-18
593,181424,['Other'],2023-08-17,2023-08-17,Prince George's,Incident Closed-Managed,,2023-08-17
594,181422,['Air'],2023-08-29,2023-08-29,Frederick,Incident Closed-Managed,,2023-08-29
595,181421,['Air'],2023-08-29,2023-08-28,Frederick,Incident Closed-Managed,,2023-08-28
596,181420,['Air'],2023-08-29,2023-08-28,Anne Arundel,Incident Closed - No further action,,2023-08-28
597,181419,['Air'],2023-08-29,2023-08-28,Charles,Under Investigation,,2023-08-28
598,181418,['Other'],2023-08-28,2023-08-28,Frederick,Referred to WMA,21788,2023-08-28
599,181416,['Odor'],2023-08-22,2023-08-22,Dorchester,Incident Closed - No further action,21835,2023-08-22
600,181412,['Other'],2023-08-17,2023-08-17,Howard,Incident Closed-Managed,20794,2023-08-17
601,181403,['Open Burning'],2023-08-21,,Harford,Incident Closed-Managed,,
602,181391,['Noise Complaint'],2023-08-17,2023-08-16,Anne Arundel,Incident Not Applicable to MDE,,2023-08-16
603,181379,['Other'],2023-08-10,2023-08-10,Prince George's,Incident Closed-Managed,,2023-08-10
604,181376,['Odor'],2023-08-14,2023-08-14,Dorchester,Referred to WMA,21643,2023-08-14
605,181375,"['Fugitive Dust/Particulate Matter', 'Smoke']",2023-08-11,2023-08-11,Washington,Under Investigation,21740,2023-08-11
606,181372,['Odor'],2023-08-10,2023-08-10,Anne Arundel,Incident Closed - No further action,,2023-08-10
607,181371,['Odor'],2023-08-11,2023-08-09,Baltimore City,Incident Closed - No further action,,2023-08-09
608,181365,['Odor'],2023-08-07,2023-08-05,Dorchester,Incident Closed-No Violation Observed,21643,2023-08-05
610,181348,['Other'],2023-08-02,2023-08-02,Garrett,Incident Closed - No further action,21550,2023-08-02
612,181327,['Odor'],2023-07-31,2023-07-31,Dorchester,Incident Closed - No further action,21643,2023-07-31
613,181314,['Air'],2023-07-27,2023-07-27,Charles,Under Investigation,,2023-07-27
614,181313,['Odor'],2023-07-26,,Baltimore,Incident Closed - No further action,,
615,181311,['Fugitive Dust/Particulate Matter'],2023-07-24,2023-07-24,Washington,Under Investigation,21740,2023-07-24
616,181307,['Odor'],2023-07-26,,Baltimore,Incident Closed - No further action,,
617,181304,['Odor'],2023-07-15,2023-07-15,Baltimore City,Incident Closed-Managed,,2023-07-15
618,181303,['Fugitive Dust/Particulate Matter'],2023-07-13,2023-07-13,Baltimore City,Incident Closed-Managed,,2023-07-13
619,181302,['Odor'],2023-07-09,2023-07-09,Baltimore City,Incident Closed-Managed,,2023-07-09
620,181301,['Odor'],2023-07-07,2023-07-07,Baltimore City,Incident Closed-Managed,,2023-07-07
621,181300,['Odor'],2023-07-06,2023-07-06,Baltimore City,Incident Closed-Managed,,2023-07-06
622,181297,['Odor'],2023-06-26,2023-06-26,Baltimore City,Incident Closed-Managed,,2023-06-26
623,181296,['Air'],2023-06-24,2023-06-24,Baltimore City,Incident Closed - No further action,,2023-06-24
624,181295,['Odor'],2023-06-22,2023-06-22,Baltimore City,Incident Closed-Managed,,2023-06-22
625,181294,['Odor'],2023-06-16,2023-06-16,Baltimore City,Incident Closed-Managed,,2023-06-16
626,181293,['Odor'],2023-07-12,2023-06-12,Baltimore City,Incident Closed-Managed,,2023-06-12
627,181292,['Fugitive Dust/Particulate Matter'],2023-06-06,2023-06-06,Baltimore City,Incident Closed - No further action,,2023-06-06
628,181291,['Odor'],2023-06-05,2023-06-05,Baltimore City,Incident Closed-Managed,,2023-06-05
629,181290,['Odor'],2023-06-02,2023-06-02,Baltimore City,Incident Closed-Managed,,2023-06-02
630,181289,['Smoke'],2023-07-24,,Harford,Incident Closed-Managed,,
631,181284,['Air'],2023-07-17,2022-11-30,Montgomery,Under Investigation,20879,2022-11-30
632,181283,"['Air', 'Fugitive Dust/Particulate Matter', 'Odor']",2023-07-14,2023-07-14,Montgomery,Referred to Outside Agency,,2023-07-14
633,181278,"['Odor', 'Open Burning', 'Smoke']",2023-07-11,2023-07-10,Allegany,Incident Closed-Managed,21501,2023-07-10
634,171278,['Air'],2023-07-20,2023-07-20,Frederick,Under Investigation,,2023-07-20
635,171263,"['Odor', 'Open Burning', 'Smoke']",2023-07-06,2023-06-28,Garrett,Incident Closed - No further action,21550,2023-06-28
636,171261,"['Odor', 'Open Burning', 'Smoke']",2023-07-06,2023-06-16,Garrett,Incident Closed - No further action,21531,2023-06-16
637,171257,['Air'],2023-07-17,2023-07-17,Frederick,Under Investigation,21757,2023-07-17
638,171251,['Air'],2023-07-13,2023-07-13,Prince George's,Incident Closed-No Violation Observed,,2023-07-13
639,171247,['Open Burning'],2023-07-03,2023-07-03,Wicomico,Incident Closed-No Violation Observed,21804,2023-07-03
640,171235,['Other'],2023-07-06,2023-07-06,Howard,Incident Closed-Managed,,2023-07-06
641,171234,['Air'],2023-07-10,2023-07-06,Anne Arundel,Incident Closed-Managed,21054,2023-07-06
642,171233,['Air'],2023-07-10,2023-07-05,Anne Arundel,Incident Closed-Managed,21122,2023-07-05
643,171232,['Air'],2023-07-10,2023-07-03,Anne Arundel,Incident Closed-Clean-up Completed,21401,2023-07-03
644,171231,['Air'],2023-07-10,2023-07-06,Frederick,Incident Closed-No Violation Observed,21770,2023-07-06
645,171223,['Other'],2023-07-05,2023-07-05,Prince George's,Incident Closed-Managed,,2023-07-05
646,171218,['Other'],2023-06-29,2023-06-29,Howard,Incident Closed-Managed,,2023-06-29
647,171217,['Other'],2023-06-28,2023-06-28,Prince George's,Incident Closed-Managed,,2023-06-28
648,171212,['Air'],2023-06-30,2023-06-29,Anne Arundel,Incident Closed - No further action,,2023-06-29
649,171211,['Smoke'],2023-06-29,,Harford,Incident Closed - No further action,,
650,171210,"['Air', 'Odor']",2023-06-29,2023-06-29,Carroll,Referred to Outside Agency,21158,2023-06-29
651,171206,['Odor'],2023-06-27,,Baltimore,Incident Not Applicable to MDE,,
653,171195,['Air'],2023-06-28,2023-06-28,Baltimore,Incident Closed - No further action,,2023-06-28
654,171188,['Fumes'],2023-06-26,,Harford,Incident Closed-Managed,,
655,171187,['Air'],2023-06-27,2023-06-27,Charles,Under Investigation,,2023-06-27
657,171155,['Air'],2023-06-23,2023-06-23,Frederick,Under Investigation,,2023-06-23
658,161146,['Fugitive Dust/Particulate Matter'],2023-06-21,,Baltimore,Incident Closed - No further action,,
659,161144,['Air'],2023-06-21,2023-06-20,Frederick,Under Investigation,,2023-06-20
660,161143,['Air'],2023-06-21,2023-06-19,Frederick,Under Investigation,,2023-06-19
661,161141,['Odor'],2023-06-20,2023-06-15,Washington,Referred to WMA,21782,2023-06-15
662,161135,"['Air', 'Fugitive Dust/Particulate Matter']",2023-06-06,2023-05-22,Cecil,Incident Closed-Managed,21904,2023-05-22
663,161134,['Air'],2023-06-15,2023-06-13,Anne Arundel,Incident Closed-Managed,20794,2023-06-13
664,161132,['Open Burning'],2023-06-12,2023-06-12,Cecil,Referred to Outside Agency,21921,2023-06-12
665,161130,['Fugitive Dust/Particulate Matter'],2023-06-14,,Baltimore,Incident Closed-No Violation Observed,,
666,161125,['Fugitive Dust/Particulate Matter'],2023-06-14,,Baltimore,Incident Closed-No Violation Observed,,
667,161116,['Open Burning'],2023-06-05,2023-06-05,Carroll,Referred to Outside Agency,21771,2023-06-05
668,161115,['Air'],2023-06-12,2023-06-12,Frederick,Under Investigation,,2023-06-12
669,161112,['Other'],2023-06-07,2023-06-07,Howard,Incident Closed-Managed,,2023-06-07
670,161111,['Other'],2023-06-06,2023-06-06,Howard,Incident Closed-Managed,,2023-06-06
671,161106,['Fugitive Dust/Particulate Matter'],2023-06-02,2023-06-02,Allegany,Incident Closed - No further action,,2023-06-02
672,161105,['Odor'],2023-06-09,,Harford,Referred to Outside Agency,,
673,161104,['Air'],2023-06-08,,Harford,Incident Closed-Managed,,
674,161102,['Open Burning'],2023-06-06,2023-06-06,Wicomico,Incident Closed-No Violation Observed,21801,2023-06-06
675,161102,['Open Burning'],2023-06-06,2023-06-06,Wicomico,Incident Closed-No Violation Observed,21822,2023-06-06
676,161101,['Fugitive Dust/Particulate Matter'],2023-06-07,2023-06-07,Dorchester,Incident Closed-Managed,21664,2023-06-07
677,161093,['Air'],2023-06-08,2023-06-07,Frederick,Under Investigation,,2023-06-07
678,161092,['Air'],2023-06-08,2023-06-05,Frederick,Incident Closed - No further action,,2023-06-05
679,161089,['Fugitive Dust/Particulate Matter'],2023-05-19,2023-05-10,Washington,Incident Closed-No Violation Observed,21740,2023-05-10
680,161086,['Non-Tidal Wetlands/Waterway'],2023-05-17,2023-05-17,Allegany,Incident Closed - No further action,21539,2023-05-17
681,161081,['Odor'],2023-06-01,2023-06-01,Baltimore City,Incident Closed-Managed,,2023-06-01
682,161080,['Odor'],2023-05-31,2023-05-31,Baltimore City,Incident Closed-Managed,,2023-05-31
683,161079,['Odor'],2023-05-29,2023-05-29,Baltimore City,Incident Closed-Managed,,2023-05-29
684,161078,['Odor'],2023-05-28,2023-05-28,Baltimore City,Incident Closed-Managed,,2023-05-28
685,161077,['Odor'],2023-05-27,2023-05-27,Baltimore City,Incident Closed-Managed,,2023-05-27
686,161076,['Odor'],2023-05-24,2023-05-24,Baltimore City,Incident Closed-Managed,,2023-05-24
687,161075,['Odor'],2023-05-19,2023-05-19,Baltimore City,Incident Closed-Managed,,2023-05-19
688,161074,['Odor'],2023-05-18,2023-05-18,Baltimore City,Incident Closed-Managed,,2023-05-18
689,161073,['Fugitive Dust/Particulate Matter'],2023-05-17,2023-05-17,Baltimore City,Incident Closed-Managed,,2023-05-17
690,161072,['Fugitive Dust/Particulate Matter'],2023-05-16,2023-05-16,Baltimore City,Incident Closed-Managed,,2023-05-16
691,161071,['Odor'],2023-05-10,2023-05-10,Baltimore City,Incident Closed-Managed,,2023-05-10
692,161070,['Odor'],2023-05-09,2023-05-09,Baltimore City,Incident Closed-Managed,,2023-05-09
694,161065,['Odor'],2023-05-08,2023-05-08,Baltimore City,Incident Closed-Managed,,2023-05-08
695,161064,['Other'],2023-06-05,2023-06-05,Howard,Incident Closed-Managed,,2023-06-05
696,161063,['Other'],2023-06-01,2023-06-01,Prince George's,Incident Closed-Managed,,2023-06-01
697,161062,['Odor'],2023-05-07,2023-05-07,Baltimore City,Incident Closed-Managed,,2023-05-07
698,161061,['Other'],2023-06-01,2023-06-01,Howard,Incident Closed-Managed,21075,2023-06-01
699,161060,['Odor'],2023-05-06,2023-05-06,Baltimore City,Incident Closed-Managed,,2023-05-06
700,161059,['Other'],2023-05-31,2023-05-31,Howard,Incident Closed-Managed,21075,2023-05-31
701,161058,['Other'],2023-05-23,2023-05-23,Howard,Incident Closed-Managed,21075,2023-05-23
702,161057,['Odor'],2023-05-05,2023-05-05,Baltimore City,Incident Closed-Managed,,2023-05-05
703,161055,['Air'],2023-06-06,2023-06-03,Anne Arundel,Under Investigation,,2023-06-03
704,161054,['Air'],2023-06-06,2023-06-02,Anne Arundel,Incident Closed-No Violation Observed,,2023-06-02
705,161042,['Air'],2023-06-02,2023-06-02,Frederick,Under Investigation,,2023-06-02
706,161041,['Air'],2023-06-02,2023-05-31,Frederick,Under Investigation,,2023-05-31
707,161040,['Air'],2023-06-02,2023-05-26,Frederick,Under Investigation,,2023-05-26
708,161035,['Air'],2023-06-02,2023-06-01,Anne Arundel,Under Investigation,,2023-06-01
709,161034,['Air'],2023-06-02,2023-05-31,Anne Arundel,Incident Closed - No further action,,2023-05-31
710,161033,['Air'],2023-06-02,2023-05-31,Anne Arundel,Incident Closed-No Violation Observed,21113,2023-05-31
711,161032,['Air'],2023-06-02,2023-05-30,Anne Arundel,Incident Closed - No further action,,2023-05-30
712,161031,['Air'],2023-06-02,2023-05-26,Anne Arundel,Incident Closed-No Violation Observed,21113,2023-05-26
713,161030,['Other'],2023-06-01,,St. Mary's,Incident Closed - No further action,,
714,161027,"['Air', 'Fugitive Dust/Particulate Matter']",2023-05-31,2023-05-31,Montgomery,Referred to Outside Agency,20912,2023-05-31
715,161012,"['Air', 'Fumes', 'Odor']",2023-05-25,2023-05-25,Montgomery,Incident Closed-Managed,20853,2023-05-25
716,161012,"['Air', 'Fumes', 'Odor']",2023-05-25,2023-05-25,Montgomery,Incident Closed-Managed,20837,2023-05-25
717,161008,['Other'],2023-05-25,,Baltimore,Incident Closed - No further action,,
718,161002,['Air'],2023-05-24,2023-05-24,Frederick,Under Investigation,,2023-05-24
719,161000,"['Fumes', 'Odor', 'Smoke']",2023-05-23,2023-05-23,Wicomico,Incident Closed-Managed,21801,2023-05-23
720,160992,['Odor'],2023-05-22,2023-05-13,Baltimore,Incident Closed - No further action,21222,2023-05-13
721,160990,"['Air', 'Fumes', 'Odor']",2023-05-19,2023-05-19,Montgomery,Incident Closed-Managed,20837,2023-05-19
722,160989,"['Air', 'Fumes', 'Odor']",2023-05-19,2023-05-19,Montgomery,Incident Closed-Managed,20853,2023-05-19
723,160989,"['Air', 'Fumes', 'Odor']",2023-05-19,2023-05-19,Montgomery,Incident Closed-Managed,20837,2023-05-19
724,160986,['Fumes'],2023-05-18,,Baltimore,Referred to Outside Agency,,
725,160982,['Air'],2023-05-19,2023-05-18,Frederick,Incident Closed - No further action,,2023-05-18
726,160982,['Air'],2023-05-19,2023-05-18,Frederick,Incident Closed - No further action,,2023-05-18
727,160981,['Air'],2023-05-19,2023-05-17,Anne Arundel,Incident Closed - No further action,,2023-05-17
728,150983,"['Air', 'Fumes', 'Odor']",2023-05-16,2023-05-16,Montgomery,Incident Closed-Managed,20853,2023-05-16
729,150983,"['Air', 'Fumes', 'Odor']",2023-05-16,2023-05-16,Montgomery,Incident Closed-Managed,20837,2023-05-16
730,150982,"['Air', 'Fumes', 'Odor']",2023-05-16,2023-05-16,Montgomery,Incident Closed-Managed,20853,2023-05-16
731,150981,['Air'],2023-05-09,2023-05-09,Montgomery,Incident Closed-Managed,20879,2023-05-09
732,150978,['Odor'],2023-05-04,2023-05-04,Dorchester,Incident Closed - No further action,21835,2023-05-04
733,150977,['Fumes'],2023-05-16,,Baltimore,Incident Closed-Managed,,
734,150965,"['Air', 'Fumes', 'Odor']",2023-05-15,2023-05-15,Montgomery,Incident Closed-Managed,20837,2023-05-15
735,150964,['Fumes'],2023-05-15,,Baltimore,Incident Closed-Managed,,
736,150963,['Odor'],2023-05-15,,Baltimore,Referred to Outside Agency,,
737,150958,['Air'],2023-05-15,2023-05-12,Frederick,Incident Closed - No further action,,2023-05-12
738,150957,['Air'],2023-05-15,2023-05-09,Frederick,Under Investigation,,2023-05-09
739,150956,['Air'],2023-05-15,2023-05-08,Anne Arundel,Incident Closed-No Violation Observed,,2023-05-08
740,150951,['Smoke'],2023-05-12,2023-03-09,Harford,Incident Closed - No further action,,2023-03-09
741,150950,['Smoke'],2023-05-12,2023-03-09,Harford,Incident Closed - No further action,,2023-03-09
742,150949,['Smoke'],2023-05-12,2023-03-09,Harford,Incident Closed - No further action,,2023-03-09
743,150947,"['Air', 'Fumes', 'Odor']",2023-05-11,2023-05-11,Montgomery,Incident Closed-Managed,20837,2023-05-11
744,150946,['Air'],2023-05-12,2023-05-11,Charles,Incident Closed-No Violation Observed,20601,2023-05-11
745,150945,"['Air', 'Fumes', 'Odor']",2023-05-07,2023-05-07,Montgomery,Incident Closed-Managed,20837,2023-05-07
746,150941,['Odor'],2023-04-07,2023-04-07,Howard,Incident Closed - No further action,20723,2023-04-07
747,150938,"['Air', 'Other']",2023-04-20,2023-04-20,Carroll,Referred to Outside Agency,21776-811,2023-04-20
748,150932,['Other'],2023-05-08,2023-05-08,Prince George's,Incident Closed-Managed,,2023-05-08
749,150931,['Other'],2023-05-03,2023-05-03,Prince George's,Incident Closed-Managed,,2023-05-03
750,150930,['Fugitive Dust/Particulate Matter'],2023-04-20,2023-04-20,Baltimore City,Incident Closed-Managed,,2023-04-20
751,150929,['Odor'],2023-04-26,2023-04-26,Baltimore City,Incident Closed-Managed,,2023-04-26
752,150928,['Odor'],2023-04-23,2023-04-23,Baltimore City,Incident Closed-Managed,,2023-04-23
753,150927,['Odor'],2023-04-22,2023-04-22,Baltimore City,Incident Closed-Managed,,2023-04-22
754,150926,['Odor'],2023-04-21,2023-04-21,Baltimore City,Incident Closed-Managed,,2023-04-21
755,150925,['Air'],2023-05-09,2023-05-09,Frederick,Under Investigation,,2023-05-09
756,150916,['Air'],2023-05-08,2023-05-04,Anne Arundel,Incident Closed-No Violation Observed,,2023-05-04
757,150915,['Air'],2023-05-08,2023-05-04,Anne Arundel,Incident Closed - No further action,,2023-05-04
758,150914,['Air'],2023-05-08,2023-05-03,Anne Arundel,Incident Closed - No further action,,2023-05-03
759,150902,['Open Burning'],2023-05-03,2023-05-03,Somerset,Incident Closed-No Violation Observed,21853,2023-05-03
760,150896,['Odor'],2023-05-02,,Baltimore,Incident Closed-No Violation Observed,21093,
761,150894,"['Air', 'Other']",2023-05-01,2023-05-01,Cecil,Incident Closed - No further action,,2023-05-01
762,150891,['Other'],2023-04-28,2023-04-28,Cecil,Referred to Outside Agency,21901,2023-04-28
763,150887,['Air'],2023-05-01,2023-04-28,Anne Arundel,Incident Closed - No further action,,2023-04-28
764,150886,['Air'],2023-05-01,2023-04-26,Anne Arundel,Under Investigation,,2023-04-26
765,150867,['Other'],2023-04-27,,Baltimore,Incident Closed-Managed,,
766,150864,"['Air', 'Fugitive Dust/Particulate Matter']",2023-04-20,2023-04-20,Montgomery,Incident Closed-Managed,20852,2023-04-20
767,150854,"['Open Burning', 'Smoke']",2023-04-19,2023-04-19,Worcester,Incident Closed-No Violation Observed,21851,2023-04-19
768,150854,"['Open Burning', 'Smoke']",2023-04-19,2023-04-19,Worcester,Incident Closed-No Violation Observed,21851,2023-04-19
769,150854,"['Open Burning', 'Smoke']",2023-04-19,2023-04-19,Worcester,Incident Closed-No Violation Observed,21851,2023-04-19
770,150854,"['Open Burning', 'Smoke']",2023-04-19,2023-04-19,Worcester,Incident Closed-No Violation Observed,21851,2023-04-19
771,150854,"['Open Burning', 'Smoke']",2023-04-19,2023-04-19,Worcester,Incident Closed-No Violation Observed,21851,2023-04-19
772,150848,['Open Burning'],2023-04-23,,Harford,Incident Closed-Managed,,
773,150843,['Odor'],2023-04-16,2023-04-16,Baltimore City,Incident Closed-Managed,,2023-04-16
774,150842,['Odor'],2023-04-03,2023-04-03,Baltimore City,Incident Closed-Managed,,2023-04-03
775,150841,['Odor'],2023-03-29,2023-03-29,Baltimore City,Incident Closed-Managed,,2023-03-29
776,150840,['Odor'],2023-03-27,2023-03-27,Baltimore City,Incident Closed-Managed,,2023-03-27
777,150839,['Odor'],2023-03-26,2023-03-26,Baltimore City,Incident Closed-Managed,,2023-03-26
778,150837,['Odor'],2023-03-25,2023-03-25,Baltimore City,Incident Closed-Managed,,2023-03-25
779,140835,['Fugitive Dust/Particulate Matter'],2023-04-19,,Baltimore,Incident Closed - No further action,,
780,140834,['Air'],2023-04-20,2023-04-20,Anne Arundel,Under Investigation,,2023-04-20
783,140827,['Other'],2023-04-12,2023-04-12,Prince George's,Incident Closed-Managed,,2023-04-12
784,140826,['Air'],2023-04-19,2023-04-19,Frederick,Under Investigation,,2023-04-19
785,140816,['Air'],2023-04-17,2023-04-17,Frederick,Under Investigation,,2023-04-17
786,140809,['Odor'],2023-04-14,,Baltimore,Incident Closed - No further action,,
787,140797,['Other'],2023-04-09,2023-04-09,Prince George's,Incident Closed-Managed,,2023-04-09
788,140796,['Other'],2023-04-09,2023-04-09,Prince George's,Incident Closed-Managed,,2023-04-09
789,140795,['Other'],2023-04-10,2023-04-10,Prince George's,Incident Closed-Managed,,2023-04-10
790,140792,['Other'],2023-04-12,2023-04-04,Prince George's,Incident Closed-Managed,,2023-04-04
791,140791,['Other'],2023-04-04,2023-04-04,Prince George's,Incident Closed-Managed,,2023-04-04
792,140782,"['Air', 'Fumes', 'Odor']",2023-04-10,2023-04-10,Montgomery,Referred to Outside Agency,20837,2023-04-10
793,140781,"['Air', 'Fumes', 'Odor']",2023-03-30,2023-03-30,Montgomery,Referred to Outside Agency,20837,2023-03-30
794,140780,"['Air', 'Fumes', 'Other']",2023-03-30,2023-03-30,Montgomery,Referred to Outside Agency,20847,2023-03-30
795,140778,['Air'],2023-04-10,2023-04-10,Frederick,Incident Closed - No further action,21757,2023-04-10
796,140777,"['Fumes', 'Open Burning', 'Smoke']",2023-03-31,2023-03-31,Cecil,Referred to Outside Agency,21919,2023-03-31
797,140776,"['Open Burning', 'Smoke']",2023-03-31,2023-03-31,Cecil,Referred to Outside Agency,21921,2023-03-31
798,140775,['Fugitive Dust/Particulate Matter'],2023-04-05,2023-04-05,Cecil,Incident Closed - No further action,,2023-04-05
799,140774,"['Open Burning', 'Smoke']",2023-04-05,2023-04-05,Cecil,Referred to Outside Agency,21919,2023-04-05
800,140773,['Smoke'],2023-04-05,,St. Mary's,Incident Closed-Managed,,
801,140772,['Smoke'],2023-04-03,,St. Mary's,Incident Closed-Managed,,
802,140771,"['Air', 'Odor', 'Smoke']",2023-04-06,2023-04-06,Montgomery,Referred to Outside Agency,,2023-04-06
803,140769,['Smoke'],2023-04-05,2023-04-05,Wicomico,Incident Closed - No further action,21849,2023-04-05
804,140768,"['Fumes', 'Smoke']",2023-04-05,2023-04-05,Garrett,Incident Closed-Managed,21536,2023-04-05
805,140767,['Asbestos Complaint'],2023-03-21,2023-03-21,Allegany,Referred to ARA,21501,2023-03-21
806,140766,['Other'],2023-03-17,2023-03-17,Allegany,Incident Closed - No further action,,2023-03-17
807,140765,['Asbestos Complaint'],2023-03-10,2023-03-10,Allegany,Referred to ARA,,2023-03-10
809,140761,['Odor'],2023-04-05,2023-03-30,Baltimore City,Incident Closed - No further action,21231,2023-03-30
810,140760,['Air'],2023-04-05,2023-04-05,Anne Arundel,Incident Closed-No Violation Observed,,2023-04-05
811,140757,['Odor'],2023-03-24,2023-03-24,Dorchester,Incident Closed - No further action,21835,2023-03-24
812,140756,['Odor'],2023-04-03,2023-04-03,Baltimore City,Incident Closed - No further action,21224,2023-04-03
813,140752,['Air'],2023-04-04,2023-04-03,Frederick,Incident Closed-Managed,,2023-04-03
814,140751,['Air'],2023-04-04,2023-04-02,Anne Arundel,Incident Closed-No Violation Observed,,2023-04-02
815,140750,"['Air', 'Fumes', 'Odor']",2023-03-31,2023-03-31,Cecil,Incident Closed-Managed,21920,2023-03-31
816,140734,['Air'],2023-03-31,2023-03-29,Frederick,Incident Closed-Managed,21757,2023-03-29
817,140732,['Other'],2023-03-29,2023-03-29,Prince George's,Incident Closed-Managed,,2023-03-29
818,140729,['Other'],2023-03-29,,Baltimore,Incident Closed - No further action,,
819,140728,['Smoke'],2023-03-28,,Baltimore,Referred to Outside Agency,,
820,140726,"['Odor', 'Smoke']",2023-03-30,2023-03-26,Caroline,Referred to Outside Agency,21629,2023-03-26
821,140716,"['Air', 'Fumes', 'Odor']",2023-03-27,2023-03-27,Montgomery,Referred to Outside Agency,20837,2023-03-27
822,140715,['Other'],2023-03-27,2023-03-27,Prince George's,Incident Closed-Managed,,2023-03-27
823,140714,['Odor'],2023-03-27,2023-03-27,Howard,Incident Closed-Managed,21075,2023-03-27
824,140713,['Odor'],2023-03-24,2023-03-24,Dorchester,Incident Closed-Managed,21835,2023-03-24
825,140712,"['Air', 'Fumes', 'Odor']",2023-03-27,2023-03-27,Montgomery,Incident Closed-Managed,20837,2023-03-27
826,140710,"['Air', 'Fumes', 'Odor', 'Smoke']",2023-03-27,2023-03-27,Montgomery,Incident Closed-Managed,,2023-03-27
827,140709,"['Air', 'Fumes', 'Smoke']",2023-03-27,2023-03-27,Montgomery,Incident Closed-Managed,,2023-03-27
828,140708,"['Air', 'Fumes', 'Odor']",2023-03-22,2023-03-22,Montgomery,Referred to Outside Agency,20837,2023-03-22
829,140707,['Air'],2023-03-28,2023-03-26,Anne Arundel,Under Investigation,21060,2023-03-26
830,140706,['Air'],2023-03-28,2023-03-27,Anne Arundel,Incident Closed - No further action,,2023-03-27
832,140704,"['Fumes', 'Odor', 'Open Burning']",2023-03-22,2023-03-22,Carroll,Referred to Outside Agency,21776,2023-03-22
833,140700,['Fugitive Dust/Particulate Matter'],2023-03-26,,Harford,Incident Closed-No Violation Observed,21001,
834,140696,['Odor'],2023-03-22,2023-03-22,Anne Arundel,Incident Closed - No further action,21226,2023-03-22
835,140690,['Fugitive Dust/Particulate Matter'],2023-03-23,,Harford,Incident Closed-No Violation Observed,,
836,140676,['Air'],2023-03-22,2023-03-22,Anne Arundel,Incident Closed - No further action,,2023-03-22
837,140674,['Fugitive Dust/Particulate Matter'],2023-03-21,,Baltimore,Incident Closed-No Violation Observed,,
838,140673,['Smoke'],2023-03-18,,Baltimore,Incident Closed-No Violation Observed,21228,
839,140671,['Air'],2023-03-22,2023-03-22,Frederick,Under Investigation,21757,2023-03-22
840,140670,['Air'],2023-03-22,2023-03-21,Frederick,Under Investigation,21757,2023-03-21
841,140654,['Air'],2023-03-20,2023-03-20,Anne Arundel,Incident Closed - No further action,,2023-03-20
842,140652,['Other'],2023-03-15,2023-03-13,Queen Anne's,Incident Closed-Managed,21638,2023-03-13
843,140651,['Open Burning'],2023-03-14,2023-03-14,Somerset,Incident Closed-Managed,21853,2023-03-14
844,140649,['Odor'],2023-03-17,2023-03-17,Baltimore City,Incident Closed-Managed,,2023-03-17
845,140648,['Odor'],2023-03-12,2023-03-12,Baltimore City,Incident Closed-Managed,,2023-03-12
846,140647,['Odor'],2023-03-10,2023-03-10,Baltimore City,Incident Closed-Managed,,2023-03-10
847,140646,['Fumes'],2023-03-17,,Baltimore,Incident Closed - No further action,,
848,140645,['Other'],2023-03-13,,St. Mary's,Incident Closed - No further action,,
849,140644,['Other'],2023-03-13,,Baltimore,Incident Closed - No further action,,
850,140640,['Odor'],2023-03-10,2023-03-10,Dorchester,Incident Closed - No further action,21835,2023-03-10
854,140634,['Air'],2023-03-15,2023-03-10,Anne Arundel,Under Investigation,21060,2023-03-10
858,140627,"['Air', 'Odor', 'Smoke']",2023-03-13,2023-03-13,Montgomery,Referred to Outside Agency,,2023-03-13
860,140624,['Air'],2023-03-13,2023-03-10,Anne Arundel,Incident Closed-No Violation Observed,,2023-03-10
861,140618,['Air'],2023-03-10,2023-03-09,Anne Arundel,Under Investigation,21060,2023-03-09
862,140616,['Odor'],2023-03-10,,Baltimore,Incident Closed - No further action,,
867,140607,['Air'],2023-03-10,2023-03-09,Anne Arundel,Under Investigation,21122,2023-03-09
